CollectionTitle,ProductName,SortOrder
Staff Picks,Please Please Me - South Africa Vinyl Pressing,1
Staff Picks,Nirvana - Europe Vinyl Pressing,2
Staff Picks,Sheer Heart Attack - Spain Vinyl Pressing,3
Staff Picks,The Masterplan - UK Vinyl Pressing,4
Staff Picks,A Night at the Opera - US Vinyl Pressing,5
Staff Picks,The Doors - UK Vinyl Pressing,6
Staff Picks,Waiting For The Sun - US Vinyl Pressing,7
Staff Picks,David Bowie - New Zealand Vinyl Pressing,8
Staff Picks,Bon Jovi - US Vinyl Pressing,9
Staff Picks,The Black Parade - US Vinyl Pressing,10
Staff Picks,Doolittle - US Vinyl Pressing,11
Staff Picks,AM - Canada Vinyl Pressing,12
Staff Picks,Eric Clapton - Scandinavia Vinyl Pressing,13
Staff Picks,Truth - US Vinyl Pressing,14
Staff Picks,Closer to Home - Spain Vinyl Pressing,15
New Arrivals,The Masterplan - UK Vinyl Pressing,1
New Arrivals,The Doors - UK Vinyl Pressing,2
New Arrivals,Joy Ride - US Vinyl Pressing,3
New Arrivals,Songs For Vonnegut EP - UK Vinyl Pressing,4
New Arrivals,The College Dropout - Europe Vinyl Pressing,5
New Arrivals,Illmatic - US Vinyl Pressing,6
New Arrivals,I Am... - Europe Vinyl Pressing,7
New Arrivals,Nastradamus - Europe Vinyl Pressing,8
New Arrivals,Blue Slide Park - US Vinyl Pressing,9
New Arrivals,Watching Movies with the Sound Off - Europe Vinyl Pressing,10
New Arrivals,Man On the Moon: The End of Day - US Vinyl Pressing,11
New Arrivals,Indicud - USA & Canada Vinyl Pressing,12
Best Sellers,A Night at the Opera - US Vinyl Pressing,1
Best Sellers,The Doors - UK Vinyl Pressing,2
Best Sellers,Amerikkka's Most Wanted - Germany Vinyl Pressing,3
Best Sellers,The Predator - UK Vinyl Pressing,4
Best Sellers,Vol.2... Hard Knock Life - UK Vinyl Pressing,5
Best Sellers,My Name Is My Name - US Vinyl Pressing,6
Best Sellers,King Push – Darkest Before Dawn: The Prelude - US Vinyl Pressing,7
Best Sellers,DAYTONA - Europe Vinyl Pressing,8
Best Sellers,The Lex Diamond Story - US Vinyl Pressing,9
Best Sellers,Only Built 4 Cuban Linx, Pt. 2 - US Vinyl Pressing,10
Best Sellers,Rza Presents: Bobby Digital and the Pit of Snakes - US Vinyl Pressing,11
Best Sellers,New Blue Sun - Worldwide Vinyl Pressing,12
Underground Gems,Strange Days - US Vinyl Pressing,1
Underground Gems,Metaphorical Music - Japan Vinyl Pressing,2
Underground Gems,Samurai Champloo Music Record Departure - Japan Vinyl Pressing,3
Underground Gems,Slime Season - US Vinyl Pressing,4
Underground Gems,Slime Season 2 - US Vinyl Pressing,5
Underground Gems,What a Time To Be Alive - Germany Vinyl Pressing,6
Underground Gems,EVOL - US Vinyl Pressing,7
Underground Gems,Port of Miami - US Vinyl Pressing,8
Underground Gems,God Forgives, I Don't - US Vinyl Pressing,9
Underground Gems,Hood Billionaire - US Vinyl Pressing,10
Underground Gems,Street Gossip - US Vinyl Pressing,11
90s Nostalgia,Nirvana - Europe Vinyl Pressing,1
90s Nostalgia,(What's the Story) Morning Glory? - UK Vinyl Pressing,2
90s Nostalgia,Illmatic - US Vinyl Pressing,3
90s Nostalgia,Amerikkka's Most Wanted - Germany Vinyl Pressing,4
90s Nostalgia,The Predator - UK Vinyl Pressing,5
90s Nostalgia,Doolittle - US Vinyl Pressing,6
90s Nostalgia,Closer to Home - Spain Vinyl Pressing,7
90s Nostalgia,A Night at the Opera - US Vinyl Pressing,8
90s Nostalgia,The Doors - UK Vinyl Pressing,9
90s Nostalgia,Sheer Heart Attack - Spain Vinyl Pressing,10
90s Nostalgia,Truth - US Vinyl Pressing,11
90s Nostalgia,Beck-Ola - New Zealand Vinyl Pressing,12
Jazz Essentials,Count Basie - US Vinyl Pressing,1
Jazz Essentials,The George Benson Cookbook - UK Vinyl Pressing,2
Jazz Essentials,It's Uptown - Germany Vinyl Pressing,3
Jazz Essentials,The Shape of Things to Come - Canada Vinyl Pressing,4
Jazz Essentials,Spanish Harlem - US Vinyl Pressing,5
Jazz Essentials,Joy Ride - US Vinyl Pressing,6
Jazz Essentials,Songs for Young Lovers - US Vinyl Pressing,7
Jazz Essentials,Rhythm In My Nursery Rhymes - US Vinyl Pressing,8
Jazz Essentials,Late Night Tales: BadBadNotGood (Mixed) - UK Vinyl Pressing,9
Jazz Essentials,New Blue Sun - Worldwide Vinyl Pressing,10
