ReleaseTitle,VersionName,Price,StockQty,IsLimited,LimitedQty,IsPreorder,PreorderReleaseDate,IsSigned,DisplayName,ImageUrl
Please Please Me,South Africa Vinyl Pressing,45.00,8,false,,false,,false,Please Please Me - South Africa Vinyl Pressing,"https://d1mcd66l4tbl1o.cloudfront.net/products/d3b34e0e-4172-4215-8be3-424d6c829515-please_please_me__south_africa_vinyl_pressing.jpg"
Please Please Me,South Africa Vinyl Pressing,72.00,6,true,6,false,,false,Please Please Me - South Africa Vinyl Pressing [Sealed],"https://d1mcd66l4tbl1o.cloudfront.net/products/d3b34e0e-4172-4215-8be3-424d6c829515-please_please_me__south_africa_vinyl_pressing.jpg"
(What's the Story) Morning Glory?,UK Vinyl Pressing,45.00,17,false,,false,,false,(What's the Story) Morning Glory? - UK Vinyl Pressing,""
(What's the Story) Morning Glory?,UK Vinyl Pressing,72.00,3,true,3,false,,false,(What's the Story) Morning Glory? - UK Vinyl Pressing [Sealed],""
The Masterplan,UK Vinyl Pressing,45.00,17,false,,false,,false,The Masterplan - UK Vinyl Pressing,"https://d1mcd66l4tbl1o.cloudfront.net/products/33f19fcc-6764-4c44-943a-9b9724c00560-the_masterplan__uk_vinyl_pressing.jpg"
The Masterplan,UK Vinyl Pressing,72.00,6,true,6,false,,false,The Masterplan - UK Vinyl Pressing [Sealed],"https://d1mcd66l4tbl1o.cloudfront.net/products/33f19fcc-6764-4c44-943a-9b9724c00560-the_masterplan__uk_vinyl_pressing.jpg"
Nirvana,Europe Vinyl Pressing,45.00,24,false,,false,,false,Nirvana - Europe Vinyl Pressing,"https://d1mcd66l4tbl1o.cloudfront.net/products/9929738d-ca1c-4c94-a94b-9ca93f9a6ed0-nirvana__europe_vinyl_pressing.jpg"
Nirvana,Europe Vinyl Pressing,72.00,6,true,6,false,,false,Nirvana - Europe Vinyl Pressing [Sealed],"https://d1mcd66l4tbl1o.cloudfront.net/products/9929738d-ca1c-4c94-a94b-9ca93f9a6ed0-nirvana__europe_vinyl_pressing.jpg"
Nirvana,China CD Pressing,18.00,17,false,,false,,false,Nirvana - China CD Pressing,"https://d1mcd66l4tbl1o.cloudfront.net/products/2f8e18c2-efc3-4df0-8aa3-b020c73b25cd-nirvana__china_cd_pressing.jpg"
Nirvana,China CD Pressing,28.80,4,true,4,false,,false,Nirvana - China CD Pressing [Sealed],"https://d1mcd66l4tbl1o.cloudfront.net/products/2f8e18c2-efc3-4df0-8aa3-b020c73b25cd-nirvana__china_cd_pressing.jpg"
Nirvana,China CD Pressing,50.40,2,true,2,false,,true,Nirvana - China CD Pressing [Signed],"https://d1mcd66l4tbl1o.cloudfront.net/products/2f8e18c2-efc3-4df0-8aa3-b020c73b25cd-nirvana__china_cd_pressing.jpg"
Sheer Heart Attack,Spain Vinyl Pressing,45.00,18,false,,false,,false,Sheer Heart Attack - Spain Vinyl Pressing,"https://d1mcd66l4tbl1o.cloudfront.net/products/068d926c-4e41-422d-98bc-323b42a4d02c-sheer_heart_attack__spain_vinyl_pressing.jpg"
Sheer Heart Attack,Spain Vinyl Pressing,72.00,4,true,4,false,,false,Sheer Heart Attack - Spain Vinyl Pressing [Sealed],"https://d1mcd66l4tbl1o.cloudfront.net/products/068d926c-4e41-422d-98bc-323b42a4d02c-sheer_heart_attack__spain_vinyl_pressing.jpg"
Sheer Heart Attack,Spain Vinyl Pressing,126.00,1,true,1,false,,true,Sheer Heart Attack - Spain Vinyl Pressing [Signed],"https://d1mcd66l4tbl1o.cloudfront.net/products/068d926c-4e41-422d-98bc-323b42a4d02c-sheer_heart_attack__spain_vinyl_pressing.jpg"
A Night at the Opera,US Vinyl Pressing,45.00,19,false,,false,,false,A Night at the Opera - US Vinyl Pressing,"https://d1mcd66l4tbl1o.cloudfront.net/products/5652433f-57ed-427e-a255-88365349bcf6-a_night_at_the_opera__us_vinyl_pressing.jpg"
A Night at the Opera,US Vinyl Pressing,72.00,3,true,3,false,,false,A Night at the Opera - US Vinyl Pressing [Sealed],"https://d1mcd66l4tbl1o.cloudfront.net/products/5652433f-57ed-427e-a255-88365349bcf6-a_night_at_the_opera__us_vinyl_pressing.jpg"
A Night at the Opera,US Vinyl Pressing,126.00,2,true,2,false,,true,A Night at the Opera - US Vinyl Pressing [Signed],"https://d1mcd66l4tbl1o.cloudfront.net/products/5652433f-57ed-427e-a255-88365349bcf6-a_night_at_the_opera__us_vinyl_pressing.jpg"
The Doors,UK Vinyl Pressing,45.00,16,false,,false,,false,The Doors - UK Vinyl Pressing,"https://d1mcd66l4tbl1o.cloudfront.net/products/a6a1ded1-2f5f-43d4-b213-86c6918a9c90-the_doors__uk_vinyl_pressing.jpg"
The Doors,UK Vinyl Pressing,72.00,5,true,5,false,,false,The Doors - UK Vinyl Pressing [Sealed],"https://d1mcd66l4tbl1o.cloudfront.net/products/a6a1ded1-2f5f-43d4-b213-86c6918a9c90-the_doors__uk_vinyl_pressing.jpg"
The Doors,UK Vinyl Pressing,126.00,1,true,1,false,,true,The Doors - UK Vinyl Pressing [Signed],"https://d1mcd66l4tbl1o.cloudfront.net/products/a6a1ded1-2f5f-43d4-b213-86c6918a9c90-the_doors__uk_vinyl_pressing.jpg"
Strange Days,US Vinyl Pressing,45.00,17,false,,false,,false,Strange Days - US Vinyl Pressing,"https://d1mcd66l4tbl1o.cloudfront.net/products/041fc5a8-a621-43d5-a058-5fa5c1f33984-strange_days__us_vinyl_pressing.jpg"
Strange Days,US Vinyl Pressing,72.00,6,true,6,false,,false,Strange Days - US Vinyl Pressing [Sealed],"https://d1mcd66l4tbl1o.cloudfront.net/products/041fc5a8-a621-43d5-a058-5fa5c1f33984-strange_days__us_vinyl_pressing.jpg"
Waiting For The Sun,US Vinyl Pressing,45.00,10,false,,false,,false,Waiting For The Sun - US Vinyl Pressing,"https://d1mcd66l4tbl1o.cloudfront.net/products/c2e65377-c271-4330-a8a5-f41da5562cd0-waiting_for_the_sun__us_vinyl_pressing.jpg"
Waiting For The Sun,US Vinyl Pressing,72.00,6,true,6,false,,false,Waiting For The Sun - US Vinyl Pressing [Sealed],"https://d1mcd66l4tbl1o.cloudfront.net/products/c2e65377-c271-4330-a8a5-f41da5562cd0-waiting_for_the_sun__us_vinyl_pressing.jpg"
David Bowie,New Zealand Vinyl Pressing,45.00,12,false,,false,,false,David Bowie - New Zealand Vinyl Pressing,"https://d1mcd66l4tbl1o.cloudfront.net/products/d8e59856-3bf0-4504-88df-4d2dee0ec0b7-david_bowie__new_zealand_vinyl_pressing.jpg"
David Bowie,New Zealand Vinyl Pressing,72.00,4,true,4,false,,false,David Bowie - New Zealand Vinyl Pressing [Sealed],"https://d1mcd66l4tbl1o.cloudfront.net/products/d8e59856-3bf0-4504-88df-4d2dee0ec0b7-david_bowie__new_zealand_vinyl_pressing.jpg"
David Bowie,New Zealand Vinyl Pressing,126.00,2,true,2,false,,true,David Bowie - New Zealand Vinyl Pressing [Signed],"https://d1mcd66l4tbl1o.cloudfront.net/products/d8e59856-3bf0-4504-88df-4d2dee0ec0b7-david_bowie__new_zealand_vinyl_pressing.jpg"
David Bowie Narrates Prokofiev's Peter and the Wolf,Philippines Vinyl Pressing,45.00,22,false,,false,,false,David Bowie Narrates Prokofiev's Peter and the Wolf - Philippines Vinyl Pressing,"https://d1mcd66l4tbl1o.cloudfront.net/products/d65005c3-8a5d-4fda-ac4c-818d8fde2dc6-david_bowie_narrates_prokofievs_peter_and_the_wolf__philippines_vinyl_pressing.jpg"
David Bowie Narrates Prokofiev's Peter and the Wolf,Philippines Vinyl Pressing,72.00,4,true,4,false,,false,David Bowie Narrates Prokofiev's Peter and the Wolf - Philippines Vinyl Pressing [Sealed],"https://d1mcd66l4tbl1o.cloudfront.net/products/d65005c3-8a5d-4fda-ac4c-818d8fde2dc6-david_bowie_narrates_prokofievs_peter_and_the_wolf__philippines_vinyl_pressing.jpg"
Bon Jovi,US Vinyl Pressing,45.00,16,false,,false,,false,Bon Jovi - US Vinyl Pressing,"https://d1mcd66l4tbl1o.cloudfront.net/products/5564ae4f-5efd-41b6-b38e-59a86f846551-bon_jovi__us_vinyl_pressing.jpg"
Bon Jovi,US Vinyl Pressing,72.00,6,true,6,false,,false,Bon Jovi - US Vinyl Pressing [Sealed],"https://d1mcd66l4tbl1o.cloudfront.net/products/5564ae4f-5efd-41b6-b38e-59a86f846551-bon_jovi__us_vinyl_pressing.jpg"
7800º Fahrenheit,Japan Vinyl Pressing,45.00,9,false,,false,,false,7800º Fahrenheit - Japan Vinyl Pressing,"https://d1mcd66l4tbl1o.cloudfront.net/products/fc4dfad5-56f6-4940-8fe9-3b8c227d2d1b-7800º_fahrenheit__japan_vinyl_pressing.jpg"
7800º Fahrenheit,Japan Vinyl Pressing,72.00,5,true,5,false,,false,7800º Fahrenheit - Japan Vinyl Pressing [Sealed],"https://d1mcd66l4tbl1o.cloudfront.net/products/fc4dfad5-56f6-4940-8fe9-3b8c227d2d1b-7800º_fahrenheit__japan_vinyl_pressing.jpg"
The Black Parade,US Vinyl Pressing,45.00,24,false,,false,,false,The Black Parade - US Vinyl Pressing,"https://d1mcd66l4tbl1o.cloudfront.net/products/17d77011-d27f-486e-ab62-6297092d8b0f-the_black_parade__us_vinyl_pressing.jpg"
The Black Parade,US Vinyl Pressing,72.00,6,true,6,false,,false,The Black Parade - US Vinyl Pressing [Sealed],"https://d1mcd66l4tbl1o.cloudfront.net/products/17d77011-d27f-486e-ab62-6297092d8b0f-the_black_parade__us_vinyl_pressing.jpg"
The Black Parade,US Vinyl Pressing,126.00,1,true,1,false,,true,The Black Parade - US Vinyl Pressing [Signed],"https://d1mcd66l4tbl1o.cloudfront.net/products/17d77011-d27f-486e-ab62-6297092d8b0f-the_black_parade__us_vinyl_pressing.jpg"
Danger Days: The True Lives of the Fabulous Killjoys,US Vinyl Pressing,45.00,12,false,,false,,false,Danger Days: The True Lives of the Fabulous Killjoys - US Vinyl Pressing,"https://d1mcd66l4tbl1o.cloudfront.net/products/e8495f5d-8739-447c-84a1-b170b973b648-danger_days:_the_true_lives_of_the_fabulous_killjoys__us_vinyl_pressing.jpg"
Danger Days: The True Lives of the Fabulous Killjoys,US Vinyl Pressing,72.00,3,true,3,false,,false,Danger Days: The True Lives of the Fabulous Killjoys - US Vinyl Pressing [Sealed],"https://d1mcd66l4tbl1o.cloudfront.net/products/e8495f5d-8739-447c-84a1-b170b973b648-danger_days:_the_true_lives_of_the_fabulous_killjoys__us_vinyl_pressing.jpg"
Danger Days: The True Lives of the Fabulous Killjoys,US Vinyl Pressing,126.00,3,true,3,false,,true,Danger Days: The True Lives of the Fabulous Killjoys - US Vinyl Pressing [Signed],"https://d1mcd66l4tbl1o.cloudfront.net/products/e8495f5d-8739-447c-84a1-b170b973b648-danger_days:_the_true_lives_of_the_fabulous_killjoys__us_vinyl_pressing.jpg"
Doolittle,US Vinyl Pressing,45.00,24,false,,false,,false,Doolittle - US Vinyl Pressing,"https://d1mcd66l4tbl1o.cloudfront.net/products/537995e9-5b15-4dcc-8e3b-2d5593004555-doolittle__us_vinyl_pressing.jpg"
Doolittle,US Vinyl Pressing,72.00,3,true,3,false,,false,Doolittle - US Vinyl Pressing [Sealed],"https://d1mcd66l4tbl1o.cloudfront.net/products/537995e9-5b15-4dcc-8e3b-2d5593004555-doolittle__us_vinyl_pressing.jpg"
Bossanova,Greece Vinyl Pressing,45.00,24,false,,false,,false,Bossanova - Greece Vinyl Pressing,"https://d1mcd66l4tbl1o.cloudfront.net/products/0e2511cc-fc72-4ebe-884f-1ac1399c4898-bossanova__greece_vinyl_pressing.jpg"
Bossanova,Greece Vinyl Pressing,72.00,6,true,6,false,,false,Bossanova - Greece Vinyl Pressing [Sealed],"https://d1mcd66l4tbl1o.cloudfront.net/products/0e2511cc-fc72-4ebe-884f-1ac1399c4898-bossanova__greece_vinyl_pressing.jpg"
Bossanova,Greece Vinyl Pressing,126.00,1,true,1,false,,true,Bossanova - Greece Vinyl Pressing [Signed],"https://d1mcd66l4tbl1o.cloudfront.net/products/0e2511cc-fc72-4ebe-884f-1ac1399c4898-bossanova__greece_vinyl_pressing.jpg"
AM,Canada Vinyl Pressing,45.00,14,false,,false,,false,AM - Canada Vinyl Pressing,"https://d1mcd66l4tbl1o.cloudfront.net/products/1432e598-3a35-43c8-8713-30ffd1796a75-am__canada_vinyl_pressing.jpg"
AM,Canada Vinyl Pressing,72.00,2,true,2,false,,false,AM - Canada Vinyl Pressing [Sealed],"https://d1mcd66l4tbl1o.cloudfront.net/products/1432e598-3a35-43c8-8713-30ffd1796a75-am__canada_vinyl_pressing.jpg"
AM,Canada Vinyl Pressing,126.00,1,true,1,false,,true,AM - Canada Vinyl Pressing [Signed],"https://d1mcd66l4tbl1o.cloudfront.net/products/1432e598-3a35-43c8-8713-30ffd1796a75-am__canada_vinyl_pressing.jpg"
The Car,Worldwide Vinyl Pressing,45.00,20,false,,false,,false,The Car - Worldwide Vinyl Pressing,"https://d1mcd66l4tbl1o.cloudfront.net/products/3c68abaf-814e-46a8-98b4-c6d5c26a3b88-the_car__worldwide_vinyl_pressing.jpg"
The Car,Worldwide Vinyl Pressing,72.00,2,true,2,false,,false,The Car - Worldwide Vinyl Pressing [Sealed],"https://d1mcd66l4tbl1o.cloudfront.net/products/3c68abaf-814e-46a8-98b4-c6d5c26a3b88-the_car__worldwide_vinyl_pressing.jpg"
Eric Clapton,Scandinavia Vinyl Pressing,45.00,21,false,,false,,false,Eric Clapton - Scandinavia Vinyl Pressing,"https://d1mcd66l4tbl1o.cloudfront.net/products/dc56ad3e-3d57-4394-943b-ea472f1373d2-eric_clapton__scandinavia_vinyl_pressing.jpg"
Eric Clapton,Scandinavia Vinyl Pressing,72.00,4,true,4,false,,false,Eric Clapton - Scandinavia Vinyl Pressing [Sealed],"https://d1mcd66l4tbl1o.cloudfront.net/products/dc56ad3e-3d57-4394-943b-ea472f1373d2-eric_clapton__scandinavia_vinyl_pressing.jpg"
461 Ocean Boulevard,Netherlands Vinyl Pressing,45.00,13,false,,false,,false,461 Ocean Boulevard - Netherlands Vinyl Pressing,"https://d1mcd66l4tbl1o.cloudfront.net/products/02b428c8-3890-4b15-80d7-06540fb04b68-461_ocean_boulevard__netherlands_vinyl_pressing.jpg"
461 Ocean Boulevard,Netherlands Vinyl Pressing,72.00,5,true,5,false,,false,461 Ocean Boulevard - Netherlands Vinyl Pressing [Sealed],"https://d1mcd66l4tbl1o.cloudfront.net/products/02b428c8-3890-4b15-80d7-06540fb04b68-461_ocean_boulevard__netherlands_vinyl_pressing.jpg"
461 Ocean Boulevard,Netherlands Vinyl Pressing,126.00,3,true,3,false,,true,461 Ocean Boulevard - Netherlands Vinyl Pressing [Signed],"https://d1mcd66l4tbl1o.cloudfront.net/products/02b428c8-3890-4b15-80d7-06540fb04b68-461_ocean_boulevard__netherlands_vinyl_pressing.jpg"
There's One In Every Crowd,South Korea Vinyl Pressing,45.00,18,false,,false,,false,There's One In Every Crowd - South Korea Vinyl Pressing,"https://d1mcd66l4tbl1o.cloudfront.net/products/7c25abef-0881-4467-b9f6-c866a02ce6d0-theres_one_in_every_crowd__south_korea_vinyl_pressing.jpg"
There's One In Every Crowd,South Korea Vinyl Pressing,72.00,6,true,6,false,,false,There's One In Every Crowd - South Korea Vinyl Pressing [Sealed],"https://d1mcd66l4tbl1o.cloudfront.net/products/7c25abef-0881-4467-b9f6-c866a02ce6d0-theres_one_in_every_crowd__south_korea_vinyl_pressing.jpg"
There's One In Every Crowd,South Korea Vinyl Pressing,126.00,3,true,3,false,,true,There's One In Every Crowd - South Korea Vinyl Pressing [Signed],"https://d1mcd66l4tbl1o.cloudfront.net/products/7c25abef-0881-4467-b9f6-c866a02ce6d0-theres_one_in_every_crowd__south_korea_vinyl_pressing.jpg"
Truth,US Vinyl Pressing,45.00,13,false,,false,,false,Truth - US Vinyl Pressing,"https://d1mcd66l4tbl1o.cloudfront.net/products/3915c654-e72b-4d45-8ca1-1805fc9080f2-truth__us_vinyl_pressing.jpg"
Truth,US Vinyl Pressing,72.00,4,true,4,false,,false,Truth - US Vinyl Pressing [Sealed],"https://d1mcd66l4tbl1o.cloudfront.net/products/3915c654-e72b-4d45-8ca1-1805fc9080f2-truth__us_vinyl_pressing.jpg"
Beck-Ola,New Zealand Vinyl Pressing,45.00,12,false,,false,,false,Beck-Ola - New Zealand Vinyl Pressing,"https://d1mcd66l4tbl1o.cloudfront.net/products/90bc9633-acd0-47f0-886e-f8beaaf6b647-beckola__new_zealand_vinyl_pressing.jpg"
Beck-Ola,New Zealand Vinyl Pressing,72.00,2,true,2,false,,false,Beck-Ola - New Zealand Vinyl Pressing [Sealed],"https://d1mcd66l4tbl1o.cloudfront.net/products/90bc9633-acd0-47f0-886e-f8beaaf6b647-beckola__new_zealand_vinyl_pressing.jpg"
Rough and Ready,Japan Vinyl Pressing,45.00,23,false,,false,,false,Rough and Ready - Japan Vinyl Pressing,"https://d1mcd66l4tbl1o.cloudfront.net/products/67bc7a59-8bab-43d4-b8e7-0aad17faf469-rough_and_ready__japan_vinyl_pressing.jpg"
Rough and Ready,Japan Vinyl Pressing,72.00,5,true,5,false,,false,Rough and Ready - Japan Vinyl Pressing [Sealed],"https://d1mcd66l4tbl1o.cloudfront.net/products/67bc7a59-8bab-43d4-b8e7-0aad17faf469-rough_and_ready__japan_vinyl_pressing.jpg"
Rough and Ready,Japan Vinyl Pressing,126.00,2,true,2,false,,true,Rough and Ready - Japan Vinyl Pressing [Signed],"https://d1mcd66l4tbl1o.cloudfront.net/products/67bc7a59-8bab-43d4-b8e7-0aad17faf469-rough_and_ready__japan_vinyl_pressing.jpg"
Closer to Home,Spain Vinyl Pressing,45.00,20,false,,false,,false,Closer to Home - Spain Vinyl Pressing,"https://d1mcd66l4tbl1o.cloudfront.net/products/75ca6fcb-2616-4a7e-a487-d8eca2c4778c-closer_to_home__spain_vinyl_pressing.jpg"
Closer to Home,Spain Vinyl Pressing,72.00,2,true,2,false,,false,Closer to Home - Spain Vinyl Pressing [Sealed],"https://d1mcd66l4tbl1o.cloudfront.net/products/75ca6fcb-2616-4a7e-a487-d8eca2c4778c-closer_to_home__spain_vinyl_pressing.jpg"
Ritchie Blackmore's Rainbow,US Vinyl Pressing,45.00,22,false,,false,,false,Ritchie Blackmore's Rainbow - US Vinyl Pressing,"https://d1mcd66l4tbl1o.cloudfront.net/products/1785a491-8ff1-4efb-9e56-d6b3c2ded7fa-ritchie_blackmores_rainbow__us_vinyl_pressing.jpg"
Ritchie Blackmore's Rainbow,US Vinyl Pressing,72.00,2,true,2,false,,false,Ritchie Blackmore's Rainbow - US Vinyl Pressing [Sealed],"https://d1mcd66l4tbl1o.cloudfront.net/products/1785a491-8ff1-4efb-9e56-d6b3c2ded7fa-ritchie_blackmores_rainbow__us_vinyl_pressing.jpg"
Wonderwall Music,US Vinyl Pressing,45.00,24,false,,false,,false,Wonderwall Music - US Vinyl Pressing,"https://d1mcd66l4tbl1o.cloudfront.net/products/f786b1e4-982a-4341-9864-cea242654d89-wonderwall_music__us_vinyl_pressing.jpg"
Wonderwall Music,US Vinyl Pressing,72.00,3,true,3,false,,false,Wonderwall Music - US Vinyl Pressing [Sealed],"https://d1mcd66l4tbl1o.cloudfront.net/products/f786b1e4-982a-4341-9864-cea242654d89-wonderwall_music__us_vinyl_pressing.jpg"
Electronic Sound,US Vinyl Pressing,45.00,9,false,,false,,false,Electronic Sound - US Vinyl Pressing,"https://d1mcd66l4tbl1o.cloudfront.net/products/a44eca2f-821c-427f-a764-18a752be2c4f-electronic_sound__us_vinyl_pressing.jpg"
Electronic Sound,US Vinyl Pressing,72.00,3,true,3,false,,false,Electronic Sound - US Vinyl Pressing [Sealed],"https://d1mcd66l4tbl1o.cloudfront.net/products/a44eca2f-821c-427f-a764-18a752be2c4f-electronic_sound__us_vinyl_pressing.jpg"
Electronic Sound,US Vinyl Pressing,126.00,2,true,2,false,,true,Electronic Sound - US Vinyl Pressing [Signed],"https://d1mcd66l4tbl1o.cloudfront.net/products/a44eca2f-821c-427f-a764-18a752be2c4f-electronic_sound__us_vinyl_pressing.jpg"
Tokyo Rendez-Vous,Japan Vinyl Pressing,45.00,12,false,,false,,false,Tokyo Rendez-Vous - Japan Vinyl Pressing,"https://d1mcd66l4tbl1o.cloudfront.net/products/2157a572-d23f-4edf-9f40-fb3cef2ae12a-tokyo_rendezvous__japan_vinyl_pressing.jpg"
Tokyo Rendez-Vous,Japan Vinyl Pressing,72.00,2,true,2,false,,false,Tokyo Rendez-Vous - Japan Vinyl Pressing [Sealed],"https://d1mcd66l4tbl1o.cloudfront.net/products/2157a572-d23f-4edf-9f40-fb3cef2ae12a-tokyo_rendezvous__japan_vinyl_pressing.jpg"
KOOL SPICE,Japan Vinyl Pressing,45.00,23,false,,false,,false,KOOL SPICE - Japan Vinyl Pressing,"https://d1mcd66l4tbl1o.cloudfront.net/products/68314268-e0fc-4b2c-8fea-267ca5668f09-kool_spice__japan_vinyl_pressing.jpg"
KOOL SPICE,Japan Vinyl Pressing,72.00,3,true,3,false,,false,KOOL SPICE - Japan Vinyl Pressing [Sealed],"https://d1mcd66l4tbl1o.cloudfront.net/products/68314268-e0fc-4b2c-8fea-267ca5668f09-kool_spice__japan_vinyl_pressing.jpg"
KOOL SPICE,Japan Vinyl Pressing,126.00,1,true,1,false,,true,KOOL SPICE - Japan Vinyl Pressing [Signed],"https://d1mcd66l4tbl1o.cloudfront.net/products/68314268-e0fc-4b2c-8fea-267ca5668f09-kool_spice__japan_vinyl_pressing.jpg"
Can Not Behaved!!,Japan Vinyl Pressing,45.00,24,false,,false,,false,Can Not Behaved!! - Japan Vinyl Pressing,"https://d1mcd66l4tbl1o.cloudfront.net/products/a2f962be-3040-40e4-a3d4-06cd139ee709-can_not_behaved!!__japan_vinyl_pressing.jpg"
Can Not Behaved!!,Japan Vinyl Pressing,72.00,4,true,4,false,,false,Can Not Behaved!! - Japan Vinyl Pressing [Sealed],"https://d1mcd66l4tbl1o.cloudfront.net/products/a2f962be-3040-40e4-a3d4-06cd139ee709-can_not_behaved!!__japan_vinyl_pressing.jpg"
Can Not Behaved!!,Japan Vinyl Pressing,126.00,1,true,1,false,,true,Can Not Behaved!! - Japan Vinyl Pressing [Signed],"https://d1mcd66l4tbl1o.cloudfront.net/products/a2f962be-3040-40e4-a3d4-06cd139ee709-can_not_behaved!!__japan_vinyl_pressing.jpg"
Are You Coming?,Japan Vinyl Pressing,45.00,18,false,,false,,false,Are You Coming? - Japan Vinyl Pressing,""
Are You Coming?,Japan Vinyl Pressing,72.00,2,true,2,false,,false,Are You Coming? - Japan Vinyl Pressing [Sealed],""
Songs for Young Lovers,US Vinyl Pressing,45.00,19,false,,false,,false,Songs for Young Lovers - US Vinyl Pressing,"https://d1mcd66l4tbl1o.cloudfront.net/products/2a9d88d7-9b55-49d1-9afd-2465b82f5ede-songs_for_young_lovers__us_vinyl_pressing.jpg"
Songs for Young Lovers,US Vinyl Pressing,72.00,2,true,2,false,,false,Songs for Young Lovers - US Vinyl Pressing [Sealed],"https://d1mcd66l4tbl1o.cloudfront.net/products/2a9d88d7-9b55-49d1-9afd-2465b82f5ede-songs_for_young_lovers__us_vinyl_pressing.jpg"
Rhythm In My Nursery Rhymes,US Vinyl Pressing,45.00,24,false,,false,,false,Rhythm In My Nursery Rhymes - US Vinyl Pressing,"https://d1mcd66l4tbl1o.cloudfront.net/products/bc5aed2b-481e-4333-8307-22129859f657-rhythm_in_my_nursery_rhymes__us_vinyl_pressing.jpg"
Rhythm In My Nursery Rhymes,US Vinyl Pressing,72.00,2,true,2,false,,false,Rhythm In My Nursery Rhymes - US Vinyl Pressing [Sealed],"https://d1mcd66l4tbl1o.cloudfront.net/products/bc5aed2b-481e-4333-8307-22129859f657-rhythm_in_my_nursery_rhymes__us_vinyl_pressing.jpg"
Count Basie,US Vinyl Pressing,45.00,11,false,,false,,false,Count Basie - US Vinyl Pressing,"https://d1mcd66l4tbl1o.cloudfront.net/products/367743e8-329f-4344-a89d-4eb36265319f-count_basie__us_vinyl_pressing.jpg"
Count Basie,US Vinyl Pressing,72.00,5,true,5,false,,false,Count Basie - US Vinyl Pressing [Sealed],"https://d1mcd66l4tbl1o.cloudfront.net/products/367743e8-329f-4344-a89d-4eb36265319f-count_basie__us_vinyl_pressing.jpg"
The George Benson Cookbook,UK Vinyl Pressing,45.00,12,false,,false,,false,The George Benson Cookbook - UK Vinyl Pressing,"https://d1mcd66l4tbl1o.cloudfront.net/products/bf8bc1a2-23c5-4458-a3ef-ad10f682abdc-the_george_benson_cookbook__uk_vinyl_pressing.jpg"
The George Benson Cookbook,UK Vinyl Pressing,72.00,3,true,3,false,,false,The George Benson Cookbook - UK Vinyl Pressing [Sealed],"https://d1mcd66l4tbl1o.cloudfront.net/products/bf8bc1a2-23c5-4458-a3ef-ad10f682abdc-the_george_benson_cookbook__uk_vinyl_pressing.jpg"
It's Uptown,Germany Vinyl Pressing,45.00,14,false,,false,,false,It's Uptown - Germany Vinyl Pressing,"https://d1mcd66l4tbl1o.cloudfront.net/products/e8d5c651-8d0c-47ed-9495-4a765ad88de5-its_uptown__germany_vinyl_pressing.jpg"
It's Uptown,Germany Vinyl Pressing,72.00,3,true,3,false,,false,It's Uptown - Germany Vinyl Pressing [Sealed],"https://d1mcd66l4tbl1o.cloudfront.net/products/e8d5c651-8d0c-47ed-9495-4a765ad88de5-its_uptown__germany_vinyl_pressing.jpg"
It's Uptown,Germany Vinyl Pressing,126.00,2,true,2,false,,true,It's Uptown - Germany Vinyl Pressing [Signed],"https://d1mcd66l4tbl1o.cloudfront.net/products/e8d5c651-8d0c-47ed-9495-4a765ad88de5-its_uptown__germany_vinyl_pressing.jpg"
The Shape of Things to Come,Canada Vinyl Pressing,45.00,18,false,,false,,false,The Shape of Things to Come - Canada Vinyl Pressing,"https://d1mcd66l4tbl1o.cloudfront.net/products/55323528-f993-456f-ae93-e750a70213fd-the_shape_of_things_to_come__canada_vinyl_pressing.jpg"
The Shape of Things to Come,Canada Vinyl Pressing,72.00,4,true,4,false,,false,The Shape of Things to Come - Canada Vinyl Pressing [Sealed],"https://d1mcd66l4tbl1o.cloudfront.net/products/55323528-f993-456f-ae93-e750a70213fd-the_shape_of_things_to_come__canada_vinyl_pressing.jpg"
The Shape of Things to Come,Canada Vinyl Pressing,126.00,2,true,2,false,,true,The Shape of Things to Come - Canada Vinyl Pressing [Signed],"https://d1mcd66l4tbl1o.cloudfront.net/products/55323528-f993-456f-ae93-e750a70213fd-the_shape_of_things_to_come__canada_vinyl_pressing.jpg"
Spanish Harlem,US Vinyl Pressing,45.00,17,false,,false,,false,Spanish Harlem - US Vinyl Pressing,"https://d1mcd66l4tbl1o.cloudfront.net/products/ce5ac3ab-50ef-444b-8c7d-fe91dffa8fef-spanish_harlem__us_vinyl_pressing.jpg"
Spanish Harlem,US Vinyl Pressing,72.00,2,true,2,false,,false,Spanish Harlem - US Vinyl Pressing [Sealed],"https://d1mcd66l4tbl1o.cloudfront.net/products/ce5ac3ab-50ef-444b-8c7d-fe91dffa8fef-spanish_harlem__us_vinyl_pressing.jpg"
Joy Ride,US Vinyl Pressing,45.00,10,false,,false,,false,Joy Ride - US Vinyl Pressing,"https://d1mcd66l4tbl1o.cloudfront.net/products/702fc827-ee70-49d9-b813-b4ce916c8c52-joy_ride__us_vinyl_pressing.jpg"
Joy Ride,US Vinyl Pressing,72.00,4,true,4,false,,false,Joy Ride - US Vinyl Pressing [Sealed],"https://d1mcd66l4tbl1o.cloudfront.net/products/702fc827-ee70-49d9-b813-b4ce916c8c52-joy_ride__us_vinyl_pressing.jpg"
Songs For Vonnegut EP,UK Vinyl Pressing,45.00,24,false,,false,,false,Songs For Vonnegut EP - UK Vinyl Pressing,"https://d1mcd66l4tbl1o.cloudfront.net/products/a2b06221-667e-4b0b-bb02-e3292e5334f0-songs_for_vonnegut_ep__uk_vinyl_pressing.jpg"
Songs For Vonnegut EP,UK Vinyl Pressing,72.00,2,true,2,false,,false,Songs For Vonnegut EP - UK Vinyl Pressing [Sealed],"https://d1mcd66l4tbl1o.cloudfront.net/products/a2b06221-667e-4b0b-bb02-e3292e5334f0-songs_for_vonnegut_ep__uk_vinyl_pressing.jpg"
The College Dropout,Europe Vinyl Pressing,45.00,18,false,,false,,false,The College Dropout - Europe Vinyl Pressing,"https://d1mcd66l4tbl1o.cloudfront.net/products/d1b3631a-ba0e-456a-b8df-3ad8dce58e72-the_college_dropout__europe_vinyl_pressing.jpg"
The College Dropout,Europe Vinyl Pressing,72.00,2,true,2,false,,false,The College Dropout - Europe Vinyl Pressing [Sealed],"https://d1mcd66l4tbl1o.cloudfront.net/products/d1b3631a-ba0e-456a-b8df-3ad8dce58e72-the_college_dropout__europe_vinyl_pressing.jpg"
The College Dropout,Europe Vinyl Pressing,126.00,1,true,1,false,,true,The College Dropout - Europe Vinyl Pressing [Signed],"https://d1mcd66l4tbl1o.cloudfront.net/products/d1b3631a-ba0e-456a-b8df-3ad8dce58e72-the_college_dropout__europe_vinyl_pressing.jpg"
The College Dropout,US Cassette Pressing,12.00,12,false,,false,,false,The College Dropout - US Cassette Pressing,"https://d1mcd66l4tbl1o.cloudfront.net/products/e5a9580c-df8f-4142-8d1f-abd923f62b55-the_college_dropout__us_cassette_pressing.jpg"
The College Dropout,US Cassette Pressing,19.20,3,true,3,false,,false,The College Dropout - US Cassette Pressing [Sealed],"https://d1mcd66l4tbl1o.cloudfront.net/products/e5a9580c-df8f-4142-8d1f-abd923f62b55-the_college_dropout__us_cassette_pressing.jpg"
The College Dropout,US Cassette Pressing,33.60,2,true,2,false,,true,The College Dropout - US Cassette Pressing [Signed],"https://d1mcd66l4tbl1o.cloudfront.net/products/e5a9580c-df8f-4142-8d1f-abd923f62b55-the_college_dropout__us_cassette_pressing.jpg"
Illmatic,US Vinyl Pressing,45.00,20,false,,false,,false,Illmatic - US Vinyl Pressing,"https://d1mcd66l4tbl1o.cloudfront.net/products/016d88c1-4a06-4e44-8909-a614ff6f3dff-illmatic__us_vinyl_pressing.jpg"
Illmatic,US Vinyl Pressing,72.00,6,true,6,false,,false,Illmatic - US Vinyl Pressing [Sealed],"https://d1mcd66l4tbl1o.cloudfront.net/products/016d88c1-4a06-4e44-8909-a614ff6f3dff-illmatic__us_vinyl_pressing.jpg"
I Am...,Europe Vinyl Pressing,45.00,8,false,,false,,false,I Am... - Europe Vinyl Pressing,"https://d1mcd66l4tbl1o.cloudfront.net/products/f6e39269-4cfd-4dfc-9c13-0cead0449c6f-i_am__europe_vinyl_pressing.jpg"
I Am...,Europe Vinyl Pressing,72.00,5,true,5,false,,false,I Am... - Europe Vinyl Pressing [Sealed],"https://d1mcd66l4tbl1o.cloudfront.net/products/f6e39269-4cfd-4dfc-9c13-0cead0449c6f-i_am__europe_vinyl_pressing.jpg"
Nastradamus,Europe Vinyl Pressing,45.00,10,false,,false,,false,Nastradamus - Europe Vinyl Pressing,"https://d1mcd66l4tbl1o.cloudfront.net/products/15026682-81fe-435d-a6f6-a7a77882f949-nastradamus__europe_vinyl_pressing.jpg"
Nastradamus,Europe Vinyl Pressing,72.00,3,true,3,false,,false,Nastradamus - Europe Vinyl Pressing [Sealed],"https://d1mcd66l4tbl1o.cloudfront.net/products/15026682-81fe-435d-a6f6-a7a77882f949-nastradamus__europe_vinyl_pressing.jpg"
Nastradamus,Europe Vinyl Pressing,126.00,3,true,3,false,,true,Nastradamus - Europe Vinyl Pressing [Signed],"https://d1mcd66l4tbl1o.cloudfront.net/products/15026682-81fe-435d-a6f6-a7a77882f949-nastradamus__europe_vinyl_pressing.jpg"
Blue Slide Park,US Vinyl Pressing,45.00,22,false,,false,,false,Blue Slide Park - US Vinyl Pressing,"https://d1mcd66l4tbl1o.cloudfront.net/products/fe4db4ad-6ef1-45ea-81d7-1fc2b6a28ae2-blue_slide_park__us_vinyl_pressing.jpg"
Blue Slide Park,US Vinyl Pressing,72.00,4,true,4,false,,false,Blue Slide Park - US Vinyl Pressing [Sealed],"https://d1mcd66l4tbl1o.cloudfront.net/products/fe4db4ad-6ef1-45ea-81d7-1fc2b6a28ae2-blue_slide_park__us_vinyl_pressing.jpg"
Watching Movies with the Sound Off,Europe Vinyl Pressing,45.00,15,false,,false,,false,Watching Movies with the Sound Off - Europe Vinyl Pressing,"https://d1mcd66l4tbl1o.cloudfront.net/products/5a68ca4b-24e8-41a4-a675-6daec24270ad-watching_movies_with_the_sound_off__europe_vinyl_pressing.jpg"
Watching Movies with the Sound Off,Europe Vinyl Pressing,72.00,6,true,6,false,,false,Watching Movies with the Sound Off - Europe Vinyl Pressing [Sealed],"https://d1mcd66l4tbl1o.cloudfront.net/products/5a68ca4b-24e8-41a4-a675-6daec24270ad-watching_movies_with_the_sound_off__europe_vinyl_pressing.jpg"
Watching Movies with the Sound Off,Europe Vinyl Pressing,126.00,1,true,1,false,,true,Watching Movies with the Sound Off - Europe Vinyl Pressing [Signed],"https://d1mcd66l4tbl1o.cloudfront.net/products/5a68ca4b-24e8-41a4-a675-6daec24270ad-watching_movies_with_the_sound_off__europe_vinyl_pressing.jpg"
Man On the Moon: The End of Day,US Vinyl Pressing,45.00,16,false,,false,,false,Man On the Moon: The End of Day - US Vinyl Pressing,"https://d1mcd66l4tbl1o.cloudfront.net/products/747e3e5f-a0ba-4e1d-b0e0-a07c72306035-man_on_the_moon:_the_end_of_day__us_vinyl_pressing.jpg"
Man On the Moon: The End of Day,US Vinyl Pressing,72.00,6,true,6,false,,false,Man On the Moon: The End of Day - US Vinyl Pressing [Sealed],"https://d1mcd66l4tbl1o.cloudfront.net/products/747e3e5f-a0ba-4e1d-b0e0-a07c72306035-man_on_the_moon:_the_end_of_day__us_vinyl_pressing.jpg"
Indicud,USA & Canada Vinyl Pressing,45.00,16,false,,false,,false,Indicud - USA & Canada Vinyl Pressing,"https://d1mcd66l4tbl1o.cloudfront.net/products/f4e36062-e5d2-4dc3-93e6-bbe29733ffb8-indicud__usa__canada_vinyl_pressing.jpg"
Indicud,USA & Canada Vinyl Pressing,72.00,4,true,4,false,,false,Indicud - USA & Canada Vinyl Pressing [Sealed],"https://d1mcd66l4tbl1o.cloudfront.net/products/f4e36062-e5d2-4dc3-93e6-bbe29733ffb8-indicud__usa__canada_vinyl_pressing.jpg"
Amerikkka's Most Wanted,Germany Vinyl Pressing,45.00,22,false,,false,,false,Amerikkka's Most Wanted - Germany Vinyl Pressing,"https://d1mcd66l4tbl1o.cloudfront.net/products/296be925-bdb4-403d-86df-4043b9fb0151-amerikkkas_most_wanted__germany_vinyl_pressing.jpg"
Amerikkka's Most Wanted,Germany Vinyl Pressing,72.00,4,true,4,false,,false,Amerikkka's Most Wanted - Germany Vinyl Pressing [Sealed],"https://d1mcd66l4tbl1o.cloudfront.net/products/296be925-bdb4-403d-86df-4043b9fb0151-amerikkkas_most_wanted__germany_vinyl_pressing.jpg"
Amerikkka's Most Wanted,Europe CD Pressing,18.00,17,false,,false,,false,Amerikkka's Most Wanted - Europe CD Pressing,"https://d1mcd66l4tbl1o.cloudfront.net/products/9f17b7fe-a5c7-4711-ba38-3a0cbfa5a784-amerikkkas_most_wanted__europe_cd_pressing.jpg"
Amerikkka's Most Wanted,Europe CD Pressing,28.80,2,true,2,false,,false,Amerikkka's Most Wanted - Europe CD Pressing [Sealed],"https://d1mcd66l4tbl1o.cloudfront.net/products/9f17b7fe-a5c7-4711-ba38-3a0cbfa5a784-amerikkkas_most_wanted__europe_cd_pressing.jpg"
The Predator,UK Vinyl Pressing,45.00,19,false,,false,,false,The Predator - UK Vinyl Pressing,"https://d1mcd66l4tbl1o.cloudfront.net/products/08965212-a6ac-4b16-a4a6-ea8015fc94e1-the_predator__uk_vinyl_pressing.jpg"
The Predator,UK Vinyl Pressing,72.00,6,true,6,false,,false,The Predator - UK Vinyl Pressing [Sealed],"https://d1mcd66l4tbl1o.cloudfront.net/products/08965212-a6ac-4b16-a4a6-ea8015fc94e1-the_predator__uk_vinyl_pressing.jpg"
The Predator,UK Vinyl Pressing,126.00,2,true,2,false,,true,The Predator - UK Vinyl Pressing [Signed],"https://d1mcd66l4tbl1o.cloudfront.net/products/08965212-a6ac-4b16-a4a6-ea8015fc94e1-the_predator__uk_vinyl_pressing.jpg"
The Predator,Europe CD Pressing,18.00,23,false,,false,,false,The Predator - Europe CD Pressing,"https://d1mcd66l4tbl1o.cloudfront.net/products/15fe9871-a3ee-4d32-aade-7d715762b3ef-the_predator__europe_cd_pressing.jpg"
The Predator,Europe CD Pressing,28.80,3,true,3,false,,false,The Predator - Europe CD Pressing [Sealed],"https://d1mcd66l4tbl1o.cloudfront.net/products/15fe9871-a3ee-4d32-aade-7d715762b3ef-the_predator__europe_cd_pressing.jpg"
Vol.2... Hard Knock Life,UK Vinyl Pressing,45.00,20,false,,false,,false,Vol.2... Hard Knock Life - UK Vinyl Pressing,"https://d1mcd66l4tbl1o.cloudfront.net/products/03aa1723-1091-4c93-a32c-f8500ad08dd2-vol2_hard_knock_life__uk_vinyl_pressing.jpg"
Vol.2... Hard Knock Life,UK Vinyl Pressing,72.00,6,true,6,false,,false,Vol.2... Hard Knock Life - UK Vinyl Pressing [Sealed],"https://d1mcd66l4tbl1o.cloudfront.net/products/03aa1723-1091-4c93-a32c-f8500ad08dd2-vol2_hard_knock_life__uk_vinyl_pressing.jpg"
My Name Is My Name,US Vinyl Pressing,45.00,23,false,,false,,false,My Name Is My Name - US Vinyl Pressing,"https://d1mcd66l4tbl1o.cloudfront.net/products/da94db39-4ab4-44b4-91df-04a3f8da9020-my_name_is_my_name__us_vinyl_pressing.jpg"
My Name Is My Name,US Vinyl Pressing,72.00,6,true,6,false,,false,My Name Is My Name - US Vinyl Pressing [Sealed],"https://d1mcd66l4tbl1o.cloudfront.net/products/da94db39-4ab4-44b4-91df-04a3f8da9020-my_name_is_my_name__us_vinyl_pressing.jpg"
King Push – Darkest Before Dawn: The Prelude,US Vinyl Pressing,45.00,19,false,,false,,false,King Push – Darkest Before Dawn: The Prelude - US Vinyl Pressing,"https://d1mcd66l4tbl1o.cloudfront.net/products/ff4ec32a-4bd3-4eef-b0dc-3076a62e02c8-king_push_–_darkest_before_dawn:_the_prelude__us_vinyl_pressing.jpg"
King Push – Darkest Before Dawn: The Prelude,US Vinyl Pressing,72.00,5,true,5,false,,false,King Push – Darkest Before Dawn: The Prelude - US Vinyl Pressing [Sealed],"https://d1mcd66l4tbl1o.cloudfront.net/products/ff4ec32a-4bd3-4eef-b0dc-3076a62e02c8-king_push_–_darkest_before_dawn:_the_prelude__us_vinyl_pressing.jpg"
DAYTONA,Europe Vinyl Pressing,45.00,19,false,,false,,false,DAYTONA - Europe Vinyl Pressing,"https://d1mcd66l4tbl1o.cloudfront.net/products/539f34d8-f667-4c09-aab6-1bbe1d62538f-daytona__europe_vinyl_pressing.jpg"
DAYTONA,Europe Vinyl Pressing,72.00,6,true,6,false,,false,DAYTONA - Europe Vinyl Pressing [Sealed],"https://d1mcd66l4tbl1o.cloudfront.net/products/539f34d8-f667-4c09-aab6-1bbe1d62538f-daytona__europe_vinyl_pressing.jpg"
DAYTONA,Europe Vinyl Pressing,126.00,3,true,3,false,,true,DAYTONA - Europe Vinyl Pressing [Signed],"https://d1mcd66l4tbl1o.cloudfront.net/products/539f34d8-f667-4c09-aab6-1bbe1d62538f-daytona__europe_vinyl_pressing.jpg"
The Lex Diamond Story,US Vinyl Pressing,45.00,21,false,,false,,false,The Lex Diamond Story - US Vinyl Pressing,"https://d1mcd66l4tbl1o.cloudfront.net/products/3a797901-0ced-4f9d-a9e4-ee302d0769dc-the_lex_diamond_story__us_vinyl_pressing.jpg"
The Lex Diamond Story,US Vinyl Pressing,72.00,2,true,2,false,,false,The Lex Diamond Story - US Vinyl Pressing [Sealed],"https://d1mcd66l4tbl1o.cloudfront.net/products/3a797901-0ced-4f9d-a9e4-ee302d0769dc-the_lex_diamond_story__us_vinyl_pressing.jpg"
The Lex Diamond Story,US Cassette Pressing,12.00,23,false,,false,,false,The Lex Diamond Story - US Cassette Pressing,"https://d1mcd66l4tbl1o.cloudfront.net/products/7b524f86-42b6-4f73-a42c-7c35028c4f7c-the_lex_diamond_story__us_cassette_pressing.jpg"
The Lex Diamond Story,US Cassette Pressing,19.20,2,true,2,false,,false,The Lex Diamond Story - US Cassette Pressing [Sealed],"https://d1mcd66l4tbl1o.cloudfront.net/products/7b524f86-42b6-4f73-a42c-7c35028c4f7c-the_lex_diamond_story__us_cassette_pressing.jpg"
"Only Built 4 Cuban Linx, Pt. 2",US Vinyl Pressing,45.00,14,false,,false,,false,"Only Built 4 Cuban Linx, Pt. 2 - US Vinyl Pressing","https://d1mcd66l4tbl1o.cloudfront.net/products/88f78cab-72ae-4f46-bf2e-7fc50217987a-only_built_4_cuban_linx_pt_2__us_vinyl_pressing.jpg"
"Only Built 4 Cuban Linx, Pt. 2",US Vinyl Pressing,72.00,5,true,5,false,,false,"Only Built 4 Cuban Linx, Pt. 2 - US Vinyl Pressing [Sealed]","https://d1mcd66l4tbl1o.cloudfront.net/products/88f78cab-72ae-4f46-bf2e-7fc50217987a-only_built_4_cuban_linx_pt_2__us_vinyl_pressing.jpg"
"Only Built 4 Cuban Linx, Pt. 2",US Vinyl Pressing,126.00,1,true,1,false,,true,"Only Built 4 Cuban Linx, Pt. 2 - US Vinyl Pressing [Signed]","https://d1mcd66l4tbl1o.cloudfront.net/products/88f78cab-72ae-4f46-bf2e-7fc50217987a-only_built_4_cuban_linx_pt_2__us_vinyl_pressing.jpg"
Rza Presents: Bobby Digital and the Pit of Snakes,US Vinyl Pressing,45.00,18,false,,false,,false,Rza Presents: Bobby Digital and the Pit of Snakes - US Vinyl Pressing,"https://d1mcd66l4tbl1o.cloudfront.net/products/98a35a40-65cb-45f9-81ba-9cc5845b77a5-rza_presents:_bobby_digital_and_the_pit_of_snakes__us_vinyl_pressing.jpg"
Rza Presents: Bobby Digital and the Pit of Snakes,US Vinyl Pressing,72.00,5,true,5,false,,false,Rza Presents: Bobby Digital and the Pit of Snakes - US Vinyl Pressing [Sealed],"https://d1mcd66l4tbl1o.cloudfront.net/products/98a35a40-65cb-45f9-81ba-9cc5845b77a5-rza_presents:_bobby_digital_and_the_pit_of_snakes__us_vinyl_pressing.jpg"
New Blue Sun,Worldwide Vinyl Pressing,45.00,8,false,,false,,false,New Blue Sun - Worldwide Vinyl Pressing,"https://d1mcd66l4tbl1o.cloudfront.net/products/2fae409b-04d7-440b-b3d1-93186cb022d7-new_blue_sun__worldwide_vinyl_pressing.jpg"
New Blue Sun,Worldwide Vinyl Pressing,72.00,2,true,2,false,,false,New Blue Sun - Worldwide Vinyl Pressing [Sealed],"https://d1mcd66l4tbl1o.cloudfront.net/products/2fae409b-04d7-440b-b3d1-93186cb022d7-new_blue_sun__worldwide_vinyl_pressing.jpg"
Metaphorical Music,Japan Vinyl Pressing,45.00,22,false,,false,,false,Metaphorical Music - Japan Vinyl Pressing,"https://d1mcd66l4tbl1o.cloudfront.net/products/e193cd72-4fcf-44da-b9a1-5beacb454ac6-metaphorical_music__japan_vinyl_pressing.jpg"
Metaphorical Music,Japan Vinyl Pressing,72.00,6,true,6,false,,false,Metaphorical Music - Japan Vinyl Pressing [Sealed],"https://d1mcd66l4tbl1o.cloudfront.net/products/e193cd72-4fcf-44da-b9a1-5beacb454ac6-metaphorical_music__japan_vinyl_pressing.jpg"
Samurai Champloo Music Record Departure,Japan Vinyl Pressing,45.00,10,false,,false,,false,Samurai Champloo Music Record Departure - Japan Vinyl Pressing,"https://d1mcd66l4tbl1o.cloudfront.net/products/f1e42289-dbfa-4a4b-9973-52a6f0adade3-samurai_champloo_music_record_departure__japan_vinyl_pressing.jpg"
Samurai Champloo Music Record Departure,Japan Vinyl Pressing,72.00,6,true,6,false,,false,Samurai Champloo Music Record Departure - Japan Vinyl Pressing [Sealed],"https://d1mcd66l4tbl1o.cloudfront.net/products/f1e42289-dbfa-4a4b-9973-52a6f0adade3-samurai_champloo_music_record_departure__japan_vinyl_pressing.jpg"
Samurai Champloo Music Record Departure,Japan Vinyl Pressing,126.00,1,true,1,false,,true,Samurai Champloo Music Record Departure - Japan Vinyl Pressing [Signed],"https://d1mcd66l4tbl1o.cloudfront.net/products/f1e42289-dbfa-4a4b-9973-52a6f0adade3-samurai_champloo_music_record_departure__japan_vinyl_pressing.jpg"
Slime Season,US Vinyl Pressing,45.00,12,false,,false,,false,Slime Season - US Vinyl Pressing,"https://d1mcd66l4tbl1o.cloudfront.net/products/f5410d6d-2d02-42da-863b-9b25ceef3d8d-slime_season__us_vinyl_pressing.jpg"
Slime Season,US Vinyl Pressing,72.00,5,true,5,false,,false,Slime Season - US Vinyl Pressing [Sealed],"https://d1mcd66l4tbl1o.cloudfront.net/products/f5410d6d-2d02-42da-863b-9b25ceef3d8d-slime_season__us_vinyl_pressing.jpg"
Slime Season,Worldwide Cassette Pressing,12.00,10,false,,false,,false,Slime Season - Worldwide Cassette Pressing,"https://d1mcd66l4tbl1o.cloudfront.net/products/b186ff16-5524-4783-97a9-b2910ec11fd2-slime_season__worldwide_cassette_pressing.jpg"
Slime Season,Worldwide Cassette Pressing,19.20,5,true,5,false,,false,Slime Season - Worldwide Cassette Pressing [Sealed],"https://d1mcd66l4tbl1o.cloudfront.net/products/b186ff16-5524-4783-97a9-b2910ec11fd2-slime_season__worldwide_cassette_pressing.jpg"
Slime Season 2,US Vinyl Pressing,45.00,23,false,,false,,false,Slime Season 2 - US Vinyl Pressing,"https://d1mcd66l4tbl1o.cloudfront.net/products/38f48d55-1cbf-4b2a-8756-a94c23bb3afb-slime_season_2__us_vinyl_pressing.jpg"
Slime Season 2,US Vinyl Pressing,72.00,2,true,2,false,,false,Slime Season 2 - US Vinyl Pressing [Sealed],"https://d1mcd66l4tbl1o.cloudfront.net/products/38f48d55-1cbf-4b2a-8756-a94c23bb3afb-slime_season_2__us_vinyl_pressing.jpg"
Slime Season 2,Worldwide Cassette Pressing,12.00,8,false,,false,,false,Slime Season 2 - Worldwide Cassette Pressing,"https://d1mcd66l4tbl1o.cloudfront.net/products/8114b776-6382-44c5-a278-dddde18dc9b0-slime_season_2__worldwide_cassette_pressing.jpg"
Slime Season 2,Worldwide Cassette Pressing,19.20,3,true,3,false,,false,Slime Season 2 - Worldwide Cassette Pressing [Sealed],"https://d1mcd66l4tbl1o.cloudfront.net/products/8114b776-6382-44c5-a278-dddde18dc9b0-slime_season_2__worldwide_cassette_pressing.jpg"
What a Time To Be Alive,Germany Vinyl Pressing,45.00,11,false,,false,,false,What a Time To Be Alive - Germany Vinyl Pressing,"https://d1mcd66l4tbl1o.cloudfront.net/products/e0137a62-3703-4295-ac82-b987bc018376-what_a_time_to_be_alive__germany_vinyl_pressing.jpg"
What a Time To Be Alive,Germany Vinyl Pressing,72.00,6,true,6,false,,false,What a Time To Be Alive - Germany Vinyl Pressing [Sealed],"https://d1mcd66l4tbl1o.cloudfront.net/products/e0137a62-3703-4295-ac82-b987bc018376-what_a_time_to_be_alive__germany_vinyl_pressing.jpg"
What a Time To Be Alive,US Cassette Pressing,12.00,8,false,,false,,false,What a Time To Be Alive - US Cassette Pressing,"https://d1mcd66l4tbl1o.cloudfront.net/products/7241f242-8118-4f83-9c41-27d4a17cd953-what_a_time_to_be_alive__us_cassette_pressing.jpg"
What a Time To Be Alive,US Cassette Pressing,19.20,2,true,2,false,,false,What a Time To Be Alive - US Cassette Pressing [Sealed],"https://d1mcd66l4tbl1o.cloudfront.net/products/7241f242-8118-4f83-9c41-27d4a17cd953-what_a_time_to_be_alive__us_cassette_pressing.jpg"
What a Time To Be Alive,US Cassette Pressing,33.60,3,true,3,false,,true,What a Time To Be Alive - US Cassette Pressing [Signed],"https://d1mcd66l4tbl1o.cloudfront.net/products/7241f242-8118-4f83-9c41-27d4a17cd953-what_a_time_to_be_alive__us_cassette_pressing.jpg"
EVOL,US Vinyl Pressing,45.00,22,false,,false,,false,EVOL - US Vinyl Pressing,"https://d1mcd66l4tbl1o.cloudfront.net/products/cd28f8a6-585e-40e1-91a8-68f489bd4e16-evol__us_vinyl_pressing.jpg"
EVOL,US Vinyl Pressing,72.00,2,true,2,false,,false,EVOL - US Vinyl Pressing [Sealed],"https://d1mcd66l4tbl1o.cloudfront.net/products/cd28f8a6-585e-40e1-91a8-68f489bd4e16-evol__us_vinyl_pressing.jpg"
Port of Miami,US Vinyl Pressing,45.00,16,false,,false,,false,Port of Miami - US Vinyl Pressing,"https://d1mcd66l4tbl1o.cloudfront.net/products/0cb12d14-afe2-41ed-8266-c42ffd63b686-port_of_miami__us_vinyl_pressing.jpg"
Port of Miami,US Vinyl Pressing,72.00,2,true,2,false,,false,Port of Miami - US Vinyl Pressing [Sealed],"https://d1mcd66l4tbl1o.cloudfront.net/products/0cb12d14-afe2-41ed-8266-c42ffd63b686-port_of_miami__us_vinyl_pressing.jpg"
"God Forgives, I Don't",US Vinyl Pressing,45.00,10,false,,false,,false,"God Forgives, I Don't - US Vinyl Pressing","https://d1mcd66l4tbl1o.cloudfront.net/products/fb55a65b-2011-4b99-a7a4-6ac8e8b09fcf-god_forgives_i_dont__us_vinyl_pressing.jpg"
"God Forgives, I Don't",US Vinyl Pressing,72.00,2,true,2,false,,false,"God Forgives, I Don't - US Vinyl Pressing [Sealed]","https://d1mcd66l4tbl1o.cloudfront.net/products/fb55a65b-2011-4b99-a7a4-6ac8e8b09fcf-god_forgives_i_dont__us_vinyl_pressing.jpg"
"God Forgives, I Don't",US Vinyl Pressing,126.00,2,true,2,false,,true,"God Forgives, I Don't - US Vinyl Pressing [Signed]","https://d1mcd66l4tbl1o.cloudfront.net/products/fb55a65b-2011-4b99-a7a4-6ac8e8b09fcf-god_forgives_i_dont__us_vinyl_pressing.jpg"
Hood Billionaire,US Vinyl Pressing,45.00,16,false,,false,,false,Hood Billionaire - US Vinyl Pressing,"https://d1mcd66l4tbl1o.cloudfront.net/products/099d189e-a99f-4a24-9288-3be8ab05011b-hood_billionaire__us_vinyl_pressing.jpg"
Hood Billionaire,US Vinyl Pressing,72.00,2,true,2,false,,false,Hood Billionaire - US Vinyl Pressing [Sealed],"https://d1mcd66l4tbl1o.cloudfront.net/products/099d189e-a99f-4a24-9288-3be8ab05011b-hood_billionaire__us_vinyl_pressing.jpg"
Street Gossip,US Vinyl Pressing,45.00,8,false,,false,,false,Street Gossip - US Vinyl Pressing,"https://d1mcd66l4tbl1o.cloudfront.net/products/6677f8bd-83fe-4f5c-8e60-0e069e37776c-street_gossip__us_vinyl_pressing.jpg"
Street Gossip,US Vinyl Pressing,72.00,6,true,6,false,,false,Street Gossip - US Vinyl Pressing [Sealed],"https://d1mcd66l4tbl1o.cloudfront.net/products/6677f8bd-83fe-4f5c-8e60-0e069e37776c-street_gossip__us_vinyl_pressing.jpg"
Street Gossip,Worldwide Cassette Pressing,12.00,15,false,,false,,false,Street Gossip - Worldwide Cassette Pressing,"https://d1mcd66l4tbl1o.cloudfront.net/products/8709f5f1-9b66-4519-889d-efe6c46817bd-street_gossip__worldwide_cassette_pressing.jpg"
Street Gossip,Worldwide Cassette Pressing,19.20,6,true,6,false,,false,Street Gossip - Worldwide Cassette Pressing [Sealed],"https://d1mcd66l4tbl1o.cloudfront.net/products/8709f5f1-9b66-4519-889d-efe6c46817bd-street_gossip__worldwide_cassette_pressing.jpg"
Drip Harder,US Vinyl Pressing,45.00,18,false,,false,,false,Drip Harder - US Vinyl Pressing,"https://d1mcd66l4tbl1o.cloudfront.net/products/4a9529fb-1646-4580-821f-2e15f2a847b6-drip_harder__us_vinyl_pressing.jpg"
Drip Harder,US Vinyl Pressing,72.00,5,true,5,false,,false,Drip Harder - US Vinyl Pressing [Sealed],"https://d1mcd66l4tbl1o.cloudfront.net/products/4a9529fb-1646-4580-821f-2e15f2a847b6-drip_harder__us_vinyl_pressing.jpg"
Drip Harder,Worldwide Cassette Pressing,12.00,16,false,,false,,false,Drip Harder - Worldwide Cassette Pressing,"https://d1mcd66l4tbl1o.cloudfront.net/products/8c2e9440-8542-4730-84f6-fd3e495d2003-drip_harder__worldwide_cassette_pressing.jpg"
Drip Harder,Worldwide Cassette Pressing,19.20,2,true,2,false,,false,Drip Harder - Worldwide Cassette Pressing [Sealed],"https://d1mcd66l4tbl1o.cloudfront.net/products/8c2e9440-8542-4730-84f6-fd3e495d2003-drip_harder__worldwide_cassette_pressing.jpg"
Kiss Land,Europe Vinyl Pressing,45.00,18,false,,false,,false,Kiss Land - Europe Vinyl Pressing,"https://d1mcd66l4tbl1o.cloudfront.net/products/73d02d24-8727-40ec-99fa-c6f8f05d2ed6-kiss_land__europe_vinyl_pressing.jpg"
Kiss Land,Europe Vinyl Pressing,72.00,4,true,4,false,,false,Kiss Land - Europe Vinyl Pressing [Sealed],"https://d1mcd66l4tbl1o.cloudfront.net/products/73d02d24-8727-40ec-99fa-c6f8f05d2ed6-kiss_land__europe_vinyl_pressing.jpg"
Beauty Behind the Madness,US Vinyl Pressing,45.00,12,false,,false,,false,Beauty Behind the Madness - US Vinyl Pressing,"https://d1mcd66l4tbl1o.cloudfront.net/products/0cf33cdf-94dc-4434-8f50-f8f55ae2e033-beauty_behind_the_madness__us_vinyl_pressing.jpg"
Beauty Behind the Madness,US Vinyl Pressing,72.00,5,true,5,false,,false,Beauty Behind the Madness - US Vinyl Pressing [Sealed],"https://d1mcd66l4tbl1o.cloudfront.net/products/0cf33cdf-94dc-4434-8f50-f8f55ae2e033-beauty_behind_the_madness__us_vinyl_pressing.jpg"
Beauty Behind the Madness,US Vinyl Pressing,126.00,2,true,2,false,,true,Beauty Behind the Madness - US Vinyl Pressing [Signed],"https://d1mcd66l4tbl1o.cloudfront.net/products/0cf33cdf-94dc-4434-8f50-f8f55ae2e033-beauty_behind_the_madness__us_vinyl_pressing.jpg"
Son Of Spergy,Worldwide Vinyl Pressing,45.00,15,false,,false,,false,Son Of Spergy - Worldwide Vinyl Pressing,"https://d1mcd66l4tbl1o.cloudfront.net/products/ae5327f4-d1bd-4b67-aac7-81281c4e075c-son_of_spergy__worldwide_vinyl_pressing.jpg"
Son Of Spergy,Worldwide Vinyl Pressing,72.00,6,true,6,false,,false,Son Of Spergy - Worldwide Vinyl Pressing [Sealed],"https://d1mcd66l4tbl1o.cloudfront.net/products/ae5327f4-d1bd-4b67-aac7-81281c4e075c-son_of_spergy__worldwide_vinyl_pressing.jpg"
Get Lifted,US Vinyl Pressing,45.00,20,false,,false,,false,Get Lifted - US Vinyl Pressing,"https://d1mcd66l4tbl1o.cloudfront.net/products/8fada6a4-5d8e-4fdd-9109-bf50899a76e4-get_lifted__us_vinyl_pressing.jpg"
Get Lifted,US Vinyl Pressing,72.00,5,true,5,false,,false,Get Lifted - US Vinyl Pressing [Sealed],"https://d1mcd66l4tbl1o.cloudfront.net/products/8fada6a4-5d8e-4fdd-9109-bf50899a76e4-get_lifted__us_vinyl_pressing.jpg"
Once Again,Europe Vinyl Pressing,45.00,10,false,,false,,false,Once Again - Europe Vinyl Pressing,"https://d1mcd66l4tbl1o.cloudfront.net/products/9e54070d-009a-429c-a4db-786517c3fe91-once_again__europe_vinyl_pressing.jpg"
Once Again,Europe Vinyl Pressing,72.00,2,true,2,false,,false,Once Again - Europe Vinyl Pressing [Sealed],"https://d1mcd66l4tbl1o.cloudfront.net/products/9e54070d-009a-429c-a4db-786517c3fe91-once_again__europe_vinyl_pressing.jpg"
Evolver,US Vinyl Pressing,45.00,8,false,,false,,false,Evolver - US Vinyl Pressing,"https://d1mcd66l4tbl1o.cloudfront.net/products/c340e8ee-3df3-4543-aa24-f56cd859ee8a-evolver__us_vinyl_pressing.jpg"
Evolver,US Vinyl Pressing,72.00,6,true,6,false,,false,Evolver - US Vinyl Pressing [Sealed],"https://d1mcd66l4tbl1o.cloudfront.net/products/c340e8ee-3df3-4543-aa24-f56cd859ee8a-evolver__us_vinyl_pressing.jpg"
The Soul Sessions,Europe Vinyl Pressing,45.00,19,false,,false,,false,The Soul Sessions - Europe Vinyl Pressing,"https://d1mcd66l4tbl1o.cloudfront.net/products/ab6aaca5-c153-4fa7-a2e9-bf92cc61aec8-the_soul_sessions__europe_vinyl_pressing.jpg"
The Soul Sessions,Europe Vinyl Pressing,72.00,5,true,5,false,,false,The Soul Sessions - Europe Vinyl Pressing [Sealed],"https://d1mcd66l4tbl1o.cloudfront.net/products/ab6aaca5-c153-4fa7-a2e9-bf92cc61aec8-the_soul_sessions__europe_vinyl_pressing.jpg"
The Soul Sessions,Europe Vinyl Pressing,126.00,1,true,1,false,,true,The Soul Sessions - Europe Vinyl Pressing [Signed],"https://d1mcd66l4tbl1o.cloudfront.net/products/ab6aaca5-c153-4fa7-a2e9-bf92cc61aec8-the_soul_sessions__europe_vinyl_pressing.jpg"
"Mind, Body & Soul",Europe Vinyl Pressing,45.00,8,false,,false,,false,"Mind, Body & Soul - Europe Vinyl Pressing","https://d1mcd66l4tbl1o.cloudfront.net/products/41dc1614-395f-476e-9436-6cde91dc8ed3-mind_body__soul__europe_vinyl_pressing.jpg"
"Mind, Body & Soul",Europe Vinyl Pressing,72.00,3,true,3,false,,false,"Mind, Body & Soul - Europe Vinyl Pressing [Sealed]","https://d1mcd66l4tbl1o.cloudfront.net/products/41dc1614-395f-476e-9436-6cde91dc8ed3-mind_body__soul__europe_vinyl_pressing.jpg"
"Mind, Body & Soul",China CD Pressing,18.00,13,false,,false,,false,"Mind, Body & Soul - China CD Pressing","https://d1mcd66l4tbl1o.cloudfront.net/products/363bc62b-ebeb-4b4e-bf5f-59911ad2e041-mind_body__soul__china_cd_pressing.jpg"
"Mind, Body & Soul",China CD Pressing,28.80,6,true,6,false,,false,"Mind, Body & Soul - China CD Pressing [Sealed]","https://d1mcd66l4tbl1o.cloudfront.net/products/363bc62b-ebeb-4b4e-bf5f-59911ad2e041-mind_body__soul__china_cd_pressing.jpg"
La Única - Single (Sprite Limelight),Worldwide Vinyl Pressing,45.00,22,false,,false,,false,La Única - Single (Sprite Limelight) - Worldwide Vinyl Pressing,"https://d1mcd66l4tbl1o.cloudfront.net/products/8d66e625-6392-4d85-8b50-659a048afae6-la_única__single_sprite_limelight__worldwide_vinyl_pressing.jpg"
La Única - Single (Sprite Limelight),Worldwide Vinyl Pressing,72.00,3,true,3,false,,false,La Única - Single (Sprite Limelight) - Worldwide Vinyl Pressing [Sealed],"https://d1mcd66l4tbl1o.cloudfront.net/products/8d66e625-6392-4d85-8b50-659a048afae6-la_única__single_sprite_limelight__worldwide_vinyl_pressing.jpg"
La Única - Single (Sprite Limelight),Worldwide Vinyl Pressing,126.00,1,true,1,false,,true,La Única - Single (Sprite Limelight) - Worldwide Vinyl Pressing [Signed],"https://d1mcd66l4tbl1o.cloudfront.net/products/8d66e625-6392-4d85-8b50-659a048afae6-la_única__single_sprite_limelight__worldwide_vinyl_pressing.jpg"
Apolonio,US Vinyl Pressing,45.00,12,false,,false,,false,Apolonio - US Vinyl Pressing,"https://d1mcd66l4tbl1o.cloudfront.net/products/47966eff-6083-43d5-8dc5-1616503a2a64-apolonio__us_vinyl_pressing.jpg"
Apolonio,US Vinyl Pressing,72.00,6,true,6,false,,false,Apolonio - US Vinyl Pressing [Sealed],"https://d1mcd66l4tbl1o.cloudfront.net/products/47966eff-6083-43d5-8dc5-1616503a2a64-apolonio__us_vinyl_pressing.jpg"
Apolonio,US Vinyl Pressing,126.00,2,true,2,false,,true,Apolonio - US Vinyl Pressing [Signed],"https://d1mcd66l4tbl1o.cloudfront.net/products/47966eff-6083-43d5-8dc5-1616503a2a64-apolonio__us_vinyl_pressing.jpg"
God Said No,US Vinyl Pressing,45.00,24,false,,false,,false,God Said No - US Vinyl Pressing,"https://d1mcd66l4tbl1o.cloudfront.net/products/bf2c8887-8dcd-471d-b392-664723388fb5-god_said_no__us_vinyl_pressing.jpg"
God Said No,US Vinyl Pressing,72.00,4,true,4,false,,false,God Said No - US Vinyl Pressing [Sealed],"https://d1mcd66l4tbl1o.cloudfront.net/products/bf2c8887-8dcd-471d-b392-664723388fb5-god_said_no__us_vinyl_pressing.jpg"
God Said No,US Vinyl Pressing,126.00,2,true,2,false,,true,God Said No - US Vinyl Pressing [Signed],"https://d1mcd66l4tbl1o.cloudfront.net/products/bf2c8887-8dcd-471d-b392-664723388fb5-god_said_no__us_vinyl_pressing.jpg"
Trouble,US Vinyl Pressing,45.00,18,false,,false,,false,Trouble - US Vinyl Pressing,"https://d1mcd66l4tbl1o.cloudfront.net/products/513f6ec2-c854-48b9-9d11-88b53436568e-trouble__us_vinyl_pressing.jpg"
Trouble,US Vinyl Pressing,72.00,4,true,4,false,,false,Trouble - US Vinyl Pressing [Sealed],"https://d1mcd66l4tbl1o.cloudfront.net/products/513f6ec2-c854-48b9-9d11-88b53436568e-trouble__us_vinyl_pressing.jpg"
Trouble,US Vinyl Pressing,126.00,1,true,1,false,,true,Trouble - US Vinyl Pressing [Signed],"https://d1mcd66l4tbl1o.cloudfront.net/products/513f6ec2-c854-48b9-9d11-88b53436568e-trouble__us_vinyl_pressing.jpg"
Konvicted,US Vinyl Pressing,45.00,9,false,,false,,false,Konvicted - US Vinyl Pressing,"https://d1mcd66l4tbl1o.cloudfront.net/products/edc1c2b9-8ef4-44ec-a456-a803f0117e7a-konvicted__us_vinyl_pressing.jpg"
Konvicted,US Vinyl Pressing,72.00,3,true,3,false,,false,Konvicted - US Vinyl Pressing [Sealed],"https://d1mcd66l4tbl1o.cloudfront.net/products/edc1c2b9-8ef4-44ec-a456-a803f0117e7a-konvicted__us_vinyl_pressing.jpg"
"i,i",USA & Europe Vinyl Pressing,45.00,22,false,,false,,false,"i,i - USA & Europe Vinyl Pressing","https://d1mcd66l4tbl1o.cloudfront.net/products/bbe52595-98ce-4d65-89b3-56c7083bf525-ii__usa__europe_vinyl_pressing.jpg"
"i,i",USA & Europe Vinyl Pressing,72.00,3,true,3,false,,false,"i,i - USA & Europe Vinyl Pressing [Sealed]","https://d1mcd66l4tbl1o.cloudfront.net/products/bbe52595-98ce-4d65-89b3-56c7083bf525-ii__usa__europe_vinyl_pressing.jpg"
Late Night Tales: BadBadNotGood (Mixed),UK Vinyl Pressing,45.00,11,false,,false,,false,Late Night Tales: BadBadNotGood (Mixed) - UK Vinyl Pressing,"https://d1mcd66l4tbl1o.cloudfront.net/products/18ca579b-b1bb-4b99-a8dd-729c39054ed1-late_night_tales:_badbadnotgood_mixed__uk_vinyl_pressing.jpg"
Late Night Tales: BadBadNotGood (Mixed),UK Vinyl Pressing,72.00,3,true,3,false,,false,Late Night Tales: BadBadNotGood (Mixed) - UK Vinyl Pressing [Sealed],"https://d1mcd66l4tbl1o.cloudfront.net/products/18ca579b-b1bb-4b99-a8dd-729c39054ed1-late_night_tales:_badbadnotgood_mixed__uk_vinyl_pressing.jpg"
III,Canada Vinyl Pressing,45.00,22,false,,false,,false,III - Canada Vinyl Pressing,"https://d1mcd66l4tbl1o.cloudfront.net/products/19700dce-fdfd-49af-96e5-f6b86f50c92e-iii__canada_vinyl_pressing.jpg"
III,Canada Vinyl Pressing,72.00,5,true,5,false,,false,III - Canada Vinyl Pressing [Sealed],"https://d1mcd66l4tbl1o.cloudfront.net/products/19700dce-fdfd-49af-96e5-f6b86f50c92e-iii__canada_vinyl_pressing.jpg"
Sour Soul (Instrumentals),Europe Vinyl Pressing,45.00,21,false,,false,,false,Sour Soul (Instrumentals) - Europe Vinyl Pressing,"https://d1mcd66l4tbl1o.cloudfront.net/products/97356f10-e38e-41a8-ae2b-82423a9b92ec-sour_soul_instrumentals__europe_vinyl_pressing.jpg"
Sour Soul (Instrumentals),Europe Vinyl Pressing,72.00,4,true,4,false,,false,Sour Soul (Instrumentals) - Europe Vinyl Pressing [Sealed],"https://d1mcd66l4tbl1o.cloudfront.net/products/97356f10-e38e-41a8-ae2b-82423a9b92ec-sour_soul_instrumentals__europe_vinyl_pressing.jpg"
Sour Soul (Instrumentals),Europe Vinyl Pressing,126.00,3,true,3,false,,true,Sour Soul (Instrumentals) - Europe Vinyl Pressing [Signed],"https://d1mcd66l4tbl1o.cloudfront.net/products/97356f10-e38e-41a8-ae2b-82423a9b92ec-sour_soul_instrumentals__europe_vinyl_pressing.jpg"
THE BOOK,Germany Vinyl Pressing,45.00,24,false,,false,,false,THE BOOK - Germany Vinyl Pressing,"https://d1mcd66l4tbl1o.cloudfront.net/products/299c974f-995a-443a-be55-ed3b01baf99f-the_book__germany_vinyl_pressing.jpg"
THE BOOK,Germany Vinyl Pressing,72.00,3,true,3,false,,false,THE BOOK - Germany Vinyl Pressing [Sealed],"https://d1mcd66l4tbl1o.cloudfront.net/products/299c974f-995a-443a-be55-ed3b01baf99f-the_book__germany_vinyl_pressing.jpg"
THE BOOK 2,Germany Vinyl Pressing,45.00,17,false,,false,,false,THE BOOK 2 - Germany Vinyl Pressing,"https://d1mcd66l4tbl1o.cloudfront.net/products/9193e98d-55c0-427c-896d-657560899266-the_book_2__germany_vinyl_pressing.jpg"
THE BOOK 2,Germany Vinyl Pressing,72.00,6,true,6,false,,false,THE BOOK 2 - Germany Vinyl Pressing [Sealed],"https://d1mcd66l4tbl1o.cloudfront.net/products/9193e98d-55c0-427c-896d-657560899266-the_book_2__germany_vinyl_pressing.jpg"
E-SIDE,Japan Vinyl Pressing,45.00,18,false,,false,,false,E-SIDE - Japan Vinyl Pressing,"https://d1mcd66l4tbl1o.cloudfront.net/products/9cd89a0e-9a37-44b9-b373-a4ed9de50f8e-eside__japan_vinyl_pressing.jpg"
E-SIDE,Japan Vinyl Pressing,72.00,5,true,5,false,,false,E-SIDE - Japan Vinyl Pressing [Sealed],"https://d1mcd66l4tbl1o.cloudfront.net/products/9cd89a0e-9a37-44b9-b373-a4ed9de50f8e-eside__japan_vinyl_pressing.jpg"
