ReleaseTitle,Position,Title,Side,DurationSeconds
Please Please Me,1,I Saw Her Standing There,A,170
Please Please Me,2,Misery,A,104
Please Please Me,3,Anna (Go To Him),A,172
Please Please Me,4,Chains,A,140
Please Please Me,5,Boys,A,140
Please Please Me,6,Ask Me Why,A,140
Please Please Me,7,Please Please Me,A,118
Please Please Me,8,Love Me Do,B,135
Please Please Me,9,P.S. I Love You,B,120
Please Please Me,10,Baby It's You,B,149
Please Please Me,11,Do You Want To Know A Secret,B,112
Please Please Me,12,A Taste Of Honey,B,119
Please Please Me,13,There's A Place,B,106
Please Please Me,14,Twist And Shout,B,150
Drill EP,1,Prove Yourself,A,
Drill EP,2,Stupid Car,A,
Drill EP,3,You,B,
Drill EP,4,Thinking About You,B,
(What's the Story) Morning Glory?,1,Hello,,201
(What's the Story) Morning Glory?,2,Roll With It,,239
(What's the Story) Morning Glory?,3,Wonderwall,,258
(What's the Story) Morning Glory?,4,Don't Look Back In Anger,,288
(What's the Story) Morning Glory?,5,Hey Now!,,341
(What's the Story) Morning Glory?,6,(Untitled),,44
(What's the Story) Morning Glory?,7,Some Might Say,,329
(What's the Story) Morning Glory?,8,Cast No Shadow,,291
(What's the Story) Morning Glory?,9,She's Electric,,220
(What's the Story) Morning Glory?,10,Morning Glory,,303
(What's the Story) Morning Glory?,11,(Untitled),,39
(What's the Story) Morning Glory?,12,Champagne Supernova,,447
The Masterplan,1,Acquiesce,,264
The Masterplan,2,Underneath The Sky,,201
The Masterplan,3,Talk Tonight,,261
The Masterplan,4,Going Nowhere,,279
The Masterplan,5,Fade Away,,253
The Masterplan,6,The Swamp Song,,259
The Masterplan,7,I Am The Walrus (Live),,385
The Masterplan,8,Listen Up,,381
The Masterplan,9,Rockin' Chair,,275
The Masterplan,10,Half The World Away,,261
The Masterplan,11,(It's Good) To Be Free,,258
The Masterplan,12,Stay Young,,305
The Masterplan,13,Headshrinker,,278
The Masterplan,14,The Masterplan,,322
Nirvana,1,You Know You're Right,,218
Nirvana,2,About A Girl,,169
Nirvana,3,Been A Son,,143
Nirvana,4,Sliver,,134
Nirvana,5,Smells Like Teen Spirit,,301
Nirvana,6,Come As You Are,,219
Nirvana,7,Lithium,,257
Nirvana,8,In Bloom,,254
Nirvana,9,Heart-Shaped Box,,282
Nirvana,10,Pennyroyal Tea,,217
Nirvana,11,Rape Me,,171
Nirvana,12,Dumb,,154
Nirvana,13,All Apologies,,227
Nirvana,14,The Man Who Sold The World,,227
Sheer Heart Attack,1,Brighton Rock,A,
Sheer Heart Attack,2,Killer Queen,A,
Sheer Heart Attack,3,Tenement Funster,A,
Sheer Heart Attack,4,Flick Of The Wrist,A,
Sheer Heart Attack,5,Lily Of The Valley,A,
Sheer Heart Attack,6,Now I'm Here,A,
Sheer Heart Attack,7,In The Lap Of The Gods,B,
Sheer Heart Attack,8,Stone Cold Crazy,B,
Sheer Heart Attack,9,Dear Friends,B,
Sheer Heart Attack,10,Misfire,B,
Sheer Heart Attack,11,Bring Back That Leroy Brown,B,
Sheer Heart Attack,12,She Makes Me (Stormtrooper In Stilettoes),B,
Sheer Heart Attack,13,In The Lap Of The Gods... Revisited,B,
A Night at the Opera,1,Death On Two Legs (Dedicated To...),A,217
A Night at the Opera,2,Lazing On A Sunday Afternoon,A,66
A Night at the Opera,3,I'm In Love With My Car,A,180
A Night at the Opera,4,You're My Best Friend,A,167
A Night at the Opera,5,'39,A,193
A Night at the Opera,6,Sweet Lady,A,249
A Night at the Opera,7,Seaside Rendezvous,A,132
A Night at the Opera,8,The Prophet's Song,B,451
A Night at the Opera,9,Love Of My Life,B,246
A Night at the Opera,10,Good Company,B,202
A Night at the Opera,11,Bohemian Rhapsody,B,348
A Night at the Opera,12,God Save The Queen,B,67
The Doors,1,Break On Through (To The Other Side),A,145
The Doors,2,Soul Kitchen,A,210
The Doors,3,The Crystal Ship,A,150
The Doors,4,Twentieth Century Fox,A,150
The Doors,5,Alabama Song (Whisky Bar),A,195
The Doors,6,Light My Fire,A,410
The Doors,7,Back Door Man,B,210
The Doors,8,I Looked At You,B,138
The Doors,9,End Of The Night,B,169
The Doors,10,Take It As It Comes,B,133
The Doors,11,The End,B,695
Strange Days,1,Strange Days,A,185
Strange Days,2,You're Lost Little Girl,A,181
Strange Days,3,Love Me Two Times,A,203
Strange Days,4,Unhappy Girl,A,120
Strange Days,5,Horse Latitudes,A,90
Strange Days,6,Moonlight Drive,A,180
Strange Days,7,People Are Strange,B,130
Strange Days,8,My Eyes Have Seen You,B,142
Strange Days,9,I Can't See Your Face In My Mind,B,198
Strange Days,10,When The Music's Over,B,660
Waiting For The Sun,1,"Hello, I Love You",A,142
Waiting For The Sun,2,Love Street,A,186
Waiting For The Sun,3,Not To Touch The Earth,A,234
Waiting For The Sun,4,Summer's Almost Gone,A,200
Waiting For The Sun,5,Wintertime Love,A,112
Waiting For The Sun,6,The Unknown Soldier,A,190
Waiting For The Sun,7,Spanish Caravan,B,178
Waiting For The Sun,8,My Wild Love,B,170
Waiting For The Sun,9,We Could Be So Good Together,B,140
Waiting For The Sun,10,"Yes, The River Knows",B,155
Waiting For The Sun,11,Five To One,B,262
David Bowie,1,Space Oddity,A,313
David Bowie,2,Unwashed And Somewhat Slightly Dazed,,369
David Bowie,3,Don't Sit Down,,39
David Bowie,4,Letter To Hermione,A,150
David Bowie,5,Cygnet Committee,A,562
David Bowie,6,Janine,B,202
David Bowie,7,An Occasional Dream,B,174
David Bowie,8,The Wild Eyed Boy From Freecloud,B,286
David Bowie,9,God Knows I'm Good,B,197
David Bowie,10,Memory Of A Free Festival,B,426
Space Oddity (2019 Mix),1,April's Tooth Of Gold,,151
Space Oddity (2019 Mix),2,The Reverend Raymond Brown (Attends The Garden Fête On Thatchwick Green),,135
Space Oddity (2019 Mix),3,When I'm Five,,198
Space Oddity (2019 Mix),4,Mother Grey,,180
Space Oddity (2019 Mix),5,In The Heat Of The Morning,,179
Space Oddity (2019 Mix),6,Goodbye 3d (Threepenny) Joe,,199
Space Oddity (2019 Mix),7,Love All Around,,169
Space Oddity (2019 Mix),8,"London Bye, Ta-Ta",,210
Space Oddity (2019 Mix),9,Angel Angel Grubby Face (Version 1),,151
Space Oddity (2019 Mix),10,Angel Angel Grubby Face (Version 2),,157
Space Oddity (2019 Mix),11,Animal Farm,,142
Space Oddity (2019 Mix),12,Space Oddity (Solo Demo Fragment),,159
Space Oddity (2019 Mix),13,Space Oddity (Version 1),,242
Space Oddity (2019 Mix),14,Space Oddity (Version 2),,301
Space Oddity (2019 Mix),15,Space Oddity (Version 3),,310
Space Oddity (2019 Mix),16,Lover To The Dawn,,230
Space Oddity (2019 Mix),17,Ching-A-Ling,,178
Space Oddity (2019 Mix),18,An Occasional Dream,,170
Space Oddity (2019 Mix),19,Let Me Sleep Beside You,,174
Space Oddity (2019 Mix),20,Life Is A Circus,,290
Space Oddity (2019 Mix),21,Conversation Piece,,229
Space Oddity (2019 Mix),22,Jerusalem,,260
Space Oddity (2019 Mix),23,Hole In The Ground,,209
Space Oddity (2019 Mix),24,Space Oddity,,328
Space Oddity (2019 Mix),25,Janine,,233
Space Oddity (2019 Mix),26,An Occasional Dream,,198
Space Oddity (2019 Mix),27,Conversation Piece,,211
Space Oddity (2019 Mix),28,Ching-A-Ling,,215
Space Oddity (2019 Mix),29,I'm Not Quite (aka Letter To Hermione),,240
Space Oddity (2019 Mix),30,Lover To The Dawn,,301
Space Oddity (2019 Mix),31,Love Song,,248
Space Oddity (2019 Mix),32,When I'm Five,,193
Space Oddity (2019 Mix),33,Life Is A Circus,,333
Space Oddity (2019 Mix),34,In The Heat Of The Morning (Decca Mono Version),,173
Space Oddity (2019 Mix),35,"London Bye, Ta-Ta (Decca Alternative Version)",,156
Space Oddity (2019 Mix),36,In The Heat Of The Morning,,181
Space Oddity (2019 Mix),37,"London Bye, Ta-Ta",,159
Space Oddity (2019 Mix),38,Karma Man,,187
Space Oddity (2019 Mix),39,When I'm Five,,194
Space Oddity (2019 Mix),40,Silly Boy Blue,,272
Space Oddity (2019 Mix),41,Ching-A-Ling,,171
Space Oddity (2019 Mix),42,Space Oddity (Morgan Studios Version – Alternative Take),,262
Space Oddity (2019 Mix),43,Space Oddity (U.K. Single Edit),,282
Space Oddity (2019 Mix),44,Wild Eyed Boy From Freecloud (Single B-side – Mono Mix),,294
Space Oddity (2019 Mix),45,Janine (Mono Mix),,202
Space Oddity (2019 Mix),46,Conversation Piece,,187
Space Oddity (2019 Mix),47,Let Me Sleep Beside You,,200
Space Oddity (2019 Mix),48,Unwashed And Somewhat Slightly Dazed,,244
Space Oddity (2019 Mix),49,Janine,,183
Space Oddity (2019 Mix),50,Space Oddity,,314
Space Oddity (2019 Mix),51,Unwashed And Somewhat Slightly Dazed (Inc. Don't Sit Down),,411
Space Oddity (2019 Mix),52,Letter To Hermione,,152
Space Oddity (2019 Mix),53,Cygnet Committee,,571
Space Oddity (2019 Mix),54,Janine,,201
Space Oddity (2019 Mix),55,An Occasional Dream,,174
Space Oddity (2019 Mix),56,Wild Eyed Boy From Freecloud,,286
Space Oddity (2019 Mix),57,God Knows I'm Good,,197
Space Oddity (2019 Mix),58,Memory Of A Free Festival,,429
Space Oddity (2019 Mix),59,Wild Eyed Boy From Freecloud (Single B-side Stereo Mix),,296
Space Oddity (2019 Mix),60,Letter To Hermione (Early Mix),,152
Space Oddity (2019 Mix),61,Janine (Early Mix),,203
Space Oddity (2019 Mix),62,An Occasional Dream (Early Mix),,174
Space Oddity (2019 Mix),63,"Ragazzo Solo, Ragazza Sola (Full Length Version)",,314
Space Oddity (2019 Mix),64,Space Oddity,,320
Space Oddity (2019 Mix),65,Unwashed And Somewhat Slightly Dazed,,378
Space Oddity (2019 Mix),66,Letter To Hermione,,152
Space Oddity (2019 Mix),67,Cygnet Committee,,568
Space Oddity (2019 Mix),68,Janine,,201
Space Oddity (2019 Mix),69,An Occasional Dream,,177
Space Oddity (2019 Mix),70,Wild Eyed Boy From Freecloud,,290
Space Oddity (2019 Mix),71,Conversation Piece,,191
Space Oddity (2019 Mix),72,God Knows I'm Good,,196
Space Oddity (2019 Mix),73,Memory Of A Free Festival,,434
Space Oddity (2019 Mix),74,Wild Eyed Boy From Freecloud (Single Version),,299
Space Oddity (2019 Mix),75,"Ragazzo Solo, Ragazza Sola",,320
David Bowie Narrates Prokofiev's Peter and the Wolf,1,Peter And The Wolf Op.67,A,
David Bowie Narrates Prokofiev's Peter and the Wolf,2,Young Person's Guide To The Orchestra Op.34,B,
Bon Jovi,1,Runaway,A,234
Bon Jovi,2,Roulette,A,281
Bon Jovi,3,She Don't Know Me,A,244
Bon Jovi,4,Shot Through The Heart,A,264
Bon Jovi,5,Love Lies,A,243
Bon Jovi,6,Breakout,B,322
Bon Jovi,7,Burning For Love,B,232
Bon Jovi,8,Come Back,B,237
Bon Jovi,9,Get Ready,B,248
7800º Fahrenheit,1,In And Out Of Love,,
7800º Fahrenheit,2,The Price Of Love,,
7800º Fahrenheit,3,Only Lonely,,
7800º Fahrenheit,4,King Of The Mountain,,
7800º Fahrenheit,5,Silent Night,,
7800º Fahrenheit,6,Tokyo Road,,
7800º Fahrenheit,7,Hardest Part Is The Night,,
7800º Fahrenheit,8,Always Run To You,,
7800º Fahrenheit,9,To The Fire,,
7800º Fahrenheit,10,Secret Dreams,,
7800º Fahrenheit,11,We Rule The Night (Demo),,250
7800º Fahrenheit,12,"Tokyo Road (Live/Shibuya Public Hall, 1985)",,
7800º Fahrenheit,13,"Roulette (Live/Shibuya Public Hall, 1985)",,
7800º Fahrenheit,14,"Breakout (Live/Shibuya Public Hall, 1985)",,
7800º Fahrenheit,15,"Only Lonely (Live/Shibuya Public Hall, 1985)",,
7800º Fahrenheit,16,"Shot Through The Heart (Live/Shibuya Public Hall, 1985)",,
7800º Fahrenheit,17,"Silent Night (Live/Shibuya Public Hall, 1985)",,
7800º Fahrenheit,18,"The Hardest Part Is The Night (Live/Shibuya Public Hall, 1985)",,
7800º Fahrenheit,19,"In And Out Of Love (Live/Shibuya Public Hall, 1985)",,
7800º Fahrenheit,20,"Runaway (Live/Shibuya Public Hall, 1985)",,
7800º Fahrenheit,21,"Burning For Love (Live/Shibuya Public Hall, 1985)",,
7800º Fahrenheit,22,"Get Ready (Live/Shibuya Public Hall, 1985)",,
The Black Parade,1,The End,,112
The Black Parade,2,Dead,,195
The Black Parade,3,This Is How I Disappear,,239
The Black Parade,4,The Sharpest Lives,,200
The Black Parade,5,Welcome To The Black Parade,,311
The Black Parade,6,I Don't Love You,,238
The Black Parade,7,Houses Of Wolves,,184
The Black Parade,8,Cancer,,142
The Black Parade,9,Mama,,279
The Black Parade,10,Sleep,,283
The Black Parade,11,Teenagers,,161
The Black Parade,12,Disenchanted,,295
The Black Parade,13,Famous Last Words,,299
The Black Parade,14,(no audio),,90
The Black Parade,15,Blood,,83
Danger Days: The True Lives of the Fabulous Killjoys,1,"Look Alive, Sunshine",,29
Danger Days: The True Lives of the Fabulous Killjoys,2,Na Na Na (Na Na Na Na Na Na Na Na Na),,205
Danger Days: The True Lives of the Fabulous Killjoys,3,Bulletproof Heart,,296
Danger Days: The True Lives of the Fabulous Killjoys,4,Sing,,270
Danger Days: The True Lives of the Fabulous Killjoys,5,Planetary (Go!),,246
Danger Days: The True Lives of the Fabulous Killjoys,6,The Only Hope For Me Is You,,272
Danger Days: The True Lives of the Fabulous Killjoys,7,Jet-Star And The Kobra Kid/Traffic Report,,26
Danger Days: The True Lives of the Fabulous Killjoys,8,Party Poison,,215
Danger Days: The True Lives of the Fabulous Killjoys,9,"Save Yourself, I'll Hold Them Back",,230
Danger Days: The True Lives of the Fabulous Killjoys,10,S/C/A/R/E/C/R/O/W,,268
Danger Days: The True Lives of the Fabulous Killjoys,11,Summertime,,246
Danger Days: The True Lives of the Fabulous Killjoys,12,Destroya,,272
Danger Days: The True Lives of the Fabulous Killjoys,13,The Kids From Yesterday,,324
Danger Days: The True Lives of the Fabulous Killjoys,14,"Goodnite, Dr. Death",,119
Danger Days: The True Lives of the Fabulous Killjoys,15,Vampire Money,,218
Doolittle,1,Debaser,A,
Doolittle,2,Tame,A,
Doolittle,3,Wave Of Mutilation,A,
Doolittle,4,I Bleed,A,
Doolittle,5,Here Comes Your Man,A,
Doolittle,6,Dead,A,
Doolittle,7,Monkey Gone To Heaven,A,
Doolittle,8,Mr. Grieves,B,
Doolittle,9,Crackity Jones,B,
Doolittle,10,La La Love You,B,
Doolittle,11,No. 13 Baby,B,
Doolittle,12,There Goes My Gun,B,
Doolittle,13,Hey,B,
Doolittle,14,Silver,B,
Doolittle,15,Gouge Away,B,
Bossanova,1,Cecilia Ann,A,
Bossanova,2,Rock Music,A,
Bossanova,3,Velouria,A,
Bossanova,4,Allison,A,
Bossanova,5,Is She Weird,A,
Bossanova,6,Ana,A,
Bossanova,7,All Over The World,A,
Bossanova,8,Dig For Fire,B,
Bossanova,9,Down To The Well,B,
Bossanova,10,The Happening,B,
Bossanova,11,Blown Away,B,
Bossanova,12,Hang Wire,B,
Bossanova,13,Stormy Weather,B,
Bossanova,14,Havalina,B,
AM,1,Do I Wanna Know?,A,272
AM,2,R U Mine?,A,201
AM,3,One For The Road,A,206
AM,4,Arabella,A,207
AM,5,I Want It All,A,185
AM,6,No.1 Party Anthem,A,243
AM,7,Mad Sounds,B,205
AM,8,Fireside,B,181
AM,9,Why'd You Only Call Me When You're High?,B,161
AM,10,Snap Out Of It ,B,193
AM,11,Knee Socks,B,257
AM,12,I Wanna Be Yours,B,184
The Car,1,There'd Better Be A Mirrorball,A,265
The Car,2,I Ain’t Quite Where I Think I Am,A,191
The Car,3,Sculptures Of Anything Goes,A,239
The Car,4,Jet Skis On The Moat,A,197
The Car,5,Body Paint,A,290
The Car,6,The Car,B,198
The Car,7,Big Ideas,B,237
The Car,8,Hello You,B,244
The Car,9,Mr Schwartz,B,210
The Car,10,Perfect Sense,B,167
Eric Clapton,1,Slunky,A,220
Eric Clapton,2,Bad Boy,A,257
Eric Clapton,3,Lonesome And A Long Way From Home,A,240
Eric Clapton,4,After Midnight,A,195
Eric Clapton,5,Easy Now,A,175
Eric Clapton,6,Blues Power,A,225
Eric Clapton,7,Bottle Of Red Wine,B,175
Eric Clapton,8,Lovin' You Lovin' Me,B,225
Eric Clapton,9,Told You For The Last Time,B,150
Eric Clapton,10,Don't Know Why,B,215
Eric Clapton,11,Let It Rain,B,317
461 Ocean Boulevard,1,Motherless Children,A,295
461 Ocean Boulevard,2,Give Me Strength,A,171
461 Ocean Boulevard,3,Willie And The Hand Jive,A,226
461 Ocean Boulevard,4,Get Ready,A,230
461 Ocean Boulevard,5,I Shot The Sheriff,A,270
461 Ocean Boulevard,6,I Can't Hold Out,B,250
461 Ocean Boulevard,7,Please Be With Me,B,205
461 Ocean Boulevard,8,Let It Grow,B,297
461 Ocean Boulevard,9,Steady Rollin' Man,B,194
461 Ocean Boulevard,10,Mainline Florida,B,245
There's One In Every Crowd,1,We've Been Told (Jesus Coming Soon),A,
There's One In Every Crowd,2,Swing Low Sweet Chariot,A,
There's One In Every Crowd,3,Little Rachel,A,
There's One In Every Crowd,4,Don't Blame Me,A,
There's One In Every Crowd,5,The Sky Is Crying,A,
There's One In Every Crowd,6,Singin' The Blues,B,
There's One In Every Crowd,7,Better Make It Through Today,B,
There's One In Every Crowd,8,Pretty Blue Eyes,B,
There's One In Every Crowd,9,High,B,
There's One In Every Crowd,10,Opposites,B,
Truth,1,Shapes Of Things,A,197
Truth,2,Let Me Love You,A,281
Truth,3,Morning Dew,A,278
Truth,4,You Shook Me,A,148
Truth,5,Ol' Man River,A,237
Truth,6,Greensleeves,B,107
Truth,7,Rock My Plimsoul,B,251
Truth,8,Beck's Bolero,B,170
Truth,9,Blues De Luxe,B,452
Truth,10,I Ain't Superstitious,B,293
Truth,11,All Shook Up,C,293
Truth,12,Spanish Boots,C,215
Truth,13,Girl From Mill Valley,C,228
Truth,14,Jailhouse Rock,C,196
Truth,15,Plynth (Water Down The Drain),D,187
Truth,16,The Hangman's Knee,D,288
Truth,17,Rice Pudding,D,448
Beck-Ola,1,All Shook Up,A,292
Beck-Ola,2,Spanish Boots,A,214
Beck-Ola,3,Girl From Mill Valley,A,229
Beck-Ola,4,Jailhouse Rock,A,192
Beck-Ola,5,Plynth (Water Down The Drain),B,186
Beck-Ola,6,The Hangman's Knee,B,288
Beck-Ola,7,Rice Pudding,B,442
Rough and Ready,1,Got The Feeling,A,
Rough and Ready,2,Situation,A,
Rough and Ready,3,Short Business,A,
Rough and Ready,4,Raynes Park Blues,A,
Rough and Ready,5,I've Been Used,B,
Rough and Ready,6,New Ways / Train Train,B,
Rough and Ready,7,Jody,B,
On Time,1,Time Machine,,224
On Time,2,Heartbreaker,,393
On Time,3,Inside Looking Out,,571
On Time,4,Closer To Home / I'm Your Captain,,608
On Time,5,Mean Mistreater,,301
On Time,6,Feelin' Alright,,264
On Time,7,Gimme Shelter,,376
On Time,8,Footstompin' Music,,223
On Time,9,Rock & Roll Soul,,205
On Time,10,We're An American Band,,205
On Time,11,Walk Like A Man (You Can Call Me Your Man),,244
On Time,12,The Loco-Motion,,177
On Time,13,Shinin' On,,354
On Time,14,Some Kind Of Wonderful,,196
On Time,15,Bad Time,,173
Closer to Home,1,Sin's A Good Man's Brother,A,275
Closer to Home,2,Aimless Lady,A,205
Closer to Home,3,Nothing Is The Same,A,310
Closer to Home,4,Mean Mistreater,A,265
Closer to Home,5,Get It Together,A,307
Closer to Home,6,I Don't Have To Sing The Blues,B,275
Closer to Home,7,Hooked On Love,B,430
Closer to Home,8,I'm Your Captain,B,587
Ritchie Blackmore's Rainbow,1,Man On The Silver Mountain,A,278
Ritchie Blackmore's Rainbow,2,Self Portrait,A,196
Ritchie Blackmore's Rainbow,3,Black Sheep Of The Family,A,200
Ritchie Blackmore's Rainbow,4,Catch The Rainbow,A,400
Ritchie Blackmore's Rainbow,5,Snake Charmer,B,270
Ritchie Blackmore's Rainbow,6,The Temple Of The King,B,286
Ritchie Blackmore's Rainbow,7,If You Don't Like Rock n' Roll,B,156
Ritchie Blackmore's Rainbow,8,Sixteenth Century Greensleeves,B,215
Ritchie Blackmore's Rainbow,9,Still I'm Sad,B,233
Wonderwall Music,1,Microbes,A,219
Wonderwall Music,2,Red Lady Too,A,118
Wonderwall Music,3,Tabla And Pakavaj,A,64
Wonderwall Music,4,In The Park,A,245
Wonderwall Music,5,Drilling A Home,A,188
Wonderwall Music,6,Guru Vandana,A,62
Wonderwall Music,7,Greasy Legs,A,87
Wonderwall Music,8,Ski-ing,A,97
Wonderwall Music,9,Gat Kirwani,A,75
Wonderwall Music,10,Dream Scene,A,333
Wonderwall Music,11,Party Seacombe,B,260
Wonderwall Music,12,Love Scene,B,255
Wonderwall Music,13,Crying,B,72
Wonderwall Music,14,Cowboy Music,B,82
Wonderwall Music,15,Fantasy Sequins,B,103
Wonderwall Music,16,On The Bed,B,63
Wonderwall Music,17,Glass Box,B,135
Wonderwall Music,18,Wonderwall To Be Here,B,83
Wonderwall Music,19,Singing Om,B,113
Electronic Sound,1,Under The Mersey Wall,A,1122
Electronic Sound,2,No Time Or Space,B,1507
Tokyo Rendez-Vous,1,Tokyo Rendez-Vous,,241
Tokyo Rendez-Vous,2,McDonald Romance,,165
Tokyo Rendez-Vous,3,あなたは蜃気楼,,196
Tokyo Rendez-Vous,4,Vinyl,,294
Tokyo Rendez-Vous,5,破裂,,318
Tokyo Rendez-Vous,6,ロウラヴ,,212
Tokyo Rendez-Vous,7,Night Pool,,130
Tokyo Rendez-Vous,8,サマーレイン・ダイバー,,197
MOON GOLD,1,Wozzeck Op. 7,,
MOON GOLD,2,Et Exspecto Resurrectionem Mortuorum,,
MOON GOLD,3,Couleurs De La Cité Céleste = Colors Of The Celestial City,,1021
MOON GOLD,4,La Mer = The Sea,,
MOON GOLD,5,Prélude À L'Apres-midi D'Un Faune = Prelude To The Afternoon Of A Faun,,963
MOON GOLD,6,Jeux = Games,,1025
MOON GOLD,7,Symphonie Fantastique Op. 14,,
MOON GOLD,8,"Lélio, Ou Le Retour À La Vie  Op. 14b = Return To Life",,
MOON GOLD,9,"Music For Strings, Percussion And Celesta Sz 106",,
MOON GOLD,10,The Firebird  - Ballet Suite (1910),,
MOON GOLD,11,"Chamber Concerto For Violin, Piano And 13 Wind Instruments",,
MOON GOLD,12,3 Pieces For Orchestra Op. 6,,
MOON GOLD,13,5 Orchesterlieder Nach Ansichtskartentexten Von Peter Altenberg Lieder = Orchestral Songs To Picture-Postcard Texts By Peter Altenberg Op. 4,,657
MOON GOLD,14,Images Pour Orchestre,,
MOON GOLD,15,Danses,,
MOON GOLD,16,Le Sacre Du Printemps = The Rite Of Spring (1947 Version),,
MOON GOLD,17,Das Klagende Lied = The Songs Of Lament (Original Version),,
MOON GOLD,18,Symphony No. 5 In C Minor Op. 67,,
MOON GOLD,19,Meeresstille Und Glückliche Fahrt Op. 112 = Calm Sea And Prosperous Voyage,,501
MOON GOLD,20,Symphony No. 10 In F-sharp Minor | Adagio,,1263
MOON GOLD,21,Pelléas Et Mélisande,,
MOON GOLD,22,Pli Selon Pli,,
MOON GOLD,23,Nocturnes,,1483
MOON GOLD,24,Printemps,,963
MOON GOLD,25,Premiere Rhapsodie,,514
MOON GOLD,26,Daphnis Et Chloé Suite No. 2,,
MOON GOLD,27,Pavane Pour Une Infante Défunte = Pavane For A Dead Princess,,375
MOON GOLD,28,Rapsodie Espagnole,,893
MOON GOLD,29,Alborada Del Gracioso,,456
MOON GOLD,30,Pétrouchka — Original Version (1911),,
MOON GOLD,31,The Miraculous Mandarin Sz 73 (Op. 19),,1862
MOON GOLD,32,Dance Suite Sz 77,,1071
MOON GOLD,33,Concerto For Piano And Orchestra In G Major,,
MOON GOLD,34,Piano Concerto For The Left Hand In D Major,,1115
MOON GOLD,35,Benvenuto Cellini Op. 23 - Ouverture. Allegro Deciso Con Impeto – Larghetto – Allegro Deciso Con Impeto,,622
MOON GOLD,36,Les Troyens - Chasse Royale Et Orage = Royal Hunt And Storm. Larghetto Non Troppo Lento,,525
MOON GOLD,37,Béatrice Et Bénédict - Ouverture. Allegretto Scherzando,,460
MOON GOLD,38,Béatrice Et Bénédict -  Entr'Acte. Sicilienne (Allegretto),,88
MOON GOLD,39,Le Carnaval Romain Op. 9. Allegro Assai Con Fuoco – Andante Sostenuto – Tempo I – Allegro Vivace,,531
MOON GOLD,40,7 Frühe Lieder = Seven Early Songs,,
MOON GOLD,41,Wozzeck Op. 7,,1399
MOON GOLD,42,Une Barque Sur L'Océan = A Boat On The Ocean,,453
MOON GOLD,43,Valses Nobles Et Sentimentales,,954
MOON GOLD,44,Le Tombeau De Couperin,,1037
MOON GOLD,45,Le Marteau Sans Maître,,
MOON GOLD,46,Livre Pour Cordes,,
MOON GOLD,47,Die Meistersinger Von Nürnberg = The Mastersingers Of Nuremberg - Prelude To Act I,,648
MOON GOLD,48,Tannhäuser Und Der Sängerkrieg Auf Der Wartburg = Tannhäuser And The Song Contest On The Wartburg - Overture,,850
MOON GOLD,49,Eine Faust-Ouvertüre,,682
MOON GOLD,50,Tristan Und Isolde -  Prelude To Act I And Isolde's Liebestod,,968
MOON GOLD,51,Concerto For Orchestra Sz 116,,
MOON GOLD,52,La Valse,,782
MOON GOLD,53,Menuet Antique,,430
MOON GOLD,54,Ma Mère L'Oye = Mother Goose,,
MOON GOLD,55,Boléro,,932
MOON GOLD,56,Gurre-Lieder,,6928
MOON GOLD,57,Water Music,,
MOON GOLD,58,The Firebird — Original Version (1910),,
MOON GOLD,59,Chaunt Du Rossignol = The Song Of The Nightingale,,939
MOON GOLD,60,Daphnis Et Chloé,,
MOON GOLD,61,Nones,,408
MOON GOLD,62,Allelujah II,,992
MOON GOLD,63,Concerto For Two Pianos,,1472
MOON GOLD,64,Moses und Aaron,,5993
MOON GOLD,65,El Sombrero De Tres Picos = The Three-Cornered Hat,,
MOON GOLD,66,"Concerto For Harpsichord, Flute, Oboe, Clarinet, Violin And Cello",,
MOON GOLD,67,Bluebeard's Castle Sz 48 (Op. 11),,
MOON GOLD,68,La Péri Ou Le Fleur D'Immortalité,,1152
MOON GOLD,69,Symphony No. 3 In G Minor Op. 42,,
MOON GOLD,70,The Wooden Prince Sz 60 (Op. 13),,
MOON GOLD,71,Amériques,,1453
MOON GOLD,72,Ionisation,,358
MOON GOLD,73,Arcana,,1124
MOON GOLD,74,Nuits D'Été Op. 7,,1898
MOON GOLD,75,"La Mort De Cléopatre = The Death Of Cleopatra. Allegro Vivace Con Impeto – Recitativo: ""C'En Est Donc Fait!"" – Lento Cantabile. ""Ah ! Qu'Ils Sont Loin Ces Jours, Tourment De Ma Mémoire"" – Méditation. Largo Misterioso. ""Grands Pharaons, Nobles Lagides"" – Allegro Assai Agitato. ""Non! Non, De Vos Demeures Funèbres""",,1369
MOON GOLD,76,Pulcinella Suite,,
MOON GOLD,77,Scherzo Fantastique Op. 3. Con Moto –  Moderato Assai – Più Mosso – Tempo I,,712
MOON GOLD,78,Symphonies D'Instruments Canon Libre À Vent = Symphonies For Wind Instruments,,578
MOON GOLD,79,Pierrot Lunaire Op. 21,,
MOON GOLD,80,Das Liebesmahl Der Apostle = Love-Feast Of The Apostles,,
MOON GOLD,81,Sigfried Idyll — Original Chamber Version (Ruhig Bewegt – Lebhaft – Bedeutend Langsamer),,1029
MOON GOLD,82,Passacaglia For Large Orchestra Op. 1,,607
MOON GOLD,83,Entflieht Auf Leichten Kahnen = For Mixed Chorus A Capella Op. 2,,153
MOON GOLD,84,6 Pieces For Large Orchestra Op. 6,,
MOON GOLD,85,2 Lieder After Poems By Rainer Maria Rilke Op. 8,,
MOON GOLD,86,5 Pieces For Orchestra Op. 10,,
MOON GOLD,87,4 Lieder Op. 13,,
MOON GOLD,88,6 Lieder After Poems By Georg Trakl Op. 14,,
MOON GOLD,89,5 Sacred Songs Op. 15,,297
MOON GOLD,90,5 Canons On Latin Texts Op. 16,,
MOON GOLD,91,3 Traditional Rhymes Op. 17,,
MOON GOLD,92,3 Lieder Op. 18,,213
MOON GOLD,93,2 Lieder Op. 19,,
MOON GOLD,94,Symphony Op. 21,,
MOON GOLD,95,"Quartet For Violin, Clarinet, Tenor Saxophone And Piano Op. 22",,431
MOON GOLD,96,"Concerto For Flute, Oboe, Clarinet, Horn, Trumpet, Trombone, Violin, Viola And Piano Op. 24",,
MOON GOLD,97,Das Augenlicht Op. 26,,352
MOON GOLD,98,Cantata No. 1 Op. 29,,
MOON GOLD,99,Variations For Orchestra Op. 30,,433
MOON GOLD,100,Cantata No. 2 Op. 31,,
MOON GOLD,101,5 Movements For String Quartet Op. 5 — Orchestral Version,,
MOON GOLD,102,"Ricercar A 6 (Fuga II) (From Musikalisches Opfer, BWV 1079)",,421
MOON GOLD,103,Verklärte Nacht,,
MOON GOLD,104,3 Pieces From The Lyric Suite,,
MOON GOLD,105,Music For The Royal Fireworks HWV 351,,
MOON GOLD,106,Overture To Berenice HWV 38,,
MOON GOLD,107,Concerto For 2 Wind Choirs And Strings In F Major HWV 334,,884
MOON GOLD,108,Lulu-Suite,,
MOON GOLD,109,Der Wein = The Wine,,
MOON GOLD,110,Symphony Of 3 Orchestras,,942
MOON GOLD,111,A Mirror On Which To Dwell (6 Poems Of Elizabeth Bishop),,
MOON GOLD,112,A Survivor From Warsaw Op. 46,,436
MOON GOLD,113,Variations For Orchestra Op. 31,,
MOON GOLD,114,5 Pieces For Orchestra Op. 16,,
MOON GOLD,115,"Begleitmusik Zu Einer Lichtspielszene (Droghende Gefahr, Angst, Katastrophe) Op. 34",,504
MOON GOLD,116,Wesendonk-Lieder,,
MOON GOLD,117,5 Lieder To Poems By Friedrich Rückert,,
MOON GOLD,118,Serenade Op. 24,,
MOON GOLD,119,"Lied Der Waldtaube (from Gurre-Lieder). ""Tauben von Gurre! Sorge Quält Mich!""",,759
MOON GOLD,120,"Ode To Napoleon Buonaparte, P. 41 - ""'Tis Done – But Yesterday A King!""",,981
MOON GOLD,121,Die Jakobsleiter = Jacob's Ladder,,
MOON GOLD,122,Erwartung = Expectation Op. 17,,
MOON GOLD,123,Die Glückliche Hand = The Lucky Hand Op. 18,,1241
MOON GOLD,124,Chamber Symphony No. 1 Op. 9 (For 15 Solo Instruments),,1183
MOON GOLD,125,Chamber Symphony No. 2 Op. 38,,
MOON GOLD,126,3 Pieces For Chamber Orchestra Op. 11,,
MOON GOLD,127,4 Orchestral Songs Op. 22,,
MOON GOLD,128,Éclat-Multiples,,1603
MOON GOLD,129,Rituel In Memoriam Bruno Maderna,,1520
MOON GOLD,130,Equatorial,,726
MOON GOLD,131,Déserts,,974
MOON GOLD,132,Intégrales,,636
MOON GOLD,133,Hyperprism,,254
MOON GOLD,134,Octandre,,
MOON GOLD,135,Offrandes,,
MOON GOLD,136,Density 21.5,,251
MOON GOLD,137,Shéhérazade,,
MOON GOLD,138,3 Poèmes De Stéphane Mallarmé,,
MOON GOLD,139,Chansons Madécasses,,
MOON GOLD,140,Don Quichotte À Dulcinée,,
MOON GOLD,141,5 Mélodies Populaires Grecques,,
MOON GOLD,142,Suite Op. 29,,
MOON GOLD,143,Verklärte Nacht Op. 4,,1756
MOON GOLD,144,"Violin Concerto ""To The Memory Of An Angel""",,
MOON GOLD,145,3 Pieces For Orchestra Op. 6,,
MOON GOLD,146,I Le Marteau Sans Maître (Live Version),,2232
MOON GOLD,147,12 Notations,,
MOON GOLD,148,Structures Book II,,1264
MOON GOLD,149,"Friede Auf Erden = Peace On Earth Op. 13 ""Da Die Ihre Herde Ließen""",,547
MOON GOLD,150,"Kol Nidre Op. 39 ""The Kabalah Tells A Legend""",,758
MOON GOLD,151,3 Volksliedsätze Op. 49,,
MOON GOLD,152,2 Kanons,,
MOON GOLD,153,3 Deutsche Volkslieder,,
MOON GOLD,154,4 Pieces Op. 27,,
MOON GOLD,155,3 Satiren Op. 28,,667
MOON GOLD,156,6 Stücke Op. 35,,
MOON GOLD,157,Dreimal Tausend Jahre Op. 50a = Three Times A Thousand Years,,190
MOON GOLD,158,"Psalm 130 Op. 50b ""Aus Tiefen Rufe Ich, Herr, Zu Dir""",,273
MOON GOLD,159,"Moderner Psalm Nr. 1 Op. 50c ""O Du Mein Gott: Alle Völker Preisen Dich""",,337
MOON GOLD,160,Ritorno Degli Snovidenia,,1092
MOON GOLD,161,"Chemin II (After ""Sequenza VI"")",,756
MOON GOLD,162,"Chemin IV (After ""Sequenza VII"")",,571
MOON GOLD,163,"Corale (After ""Sequenza VIII"")",,956
MOON GOLD,164,"""Points On The Curve To Find..."" (For Piano And 22 Instrumentalists)",,693
MOON GOLD,165,7 Frühe Lieder,,
MOON GOLD,166,5 Orchesterlieder Nach Ansichtskartentexten Von Peter Altenberg Op. 4,,
MOON GOLD,167,Jugendlieder = Youthful Songs (Selection),,1074
MOON GOLD,168,2 Lieder,,
MOON GOLD,169,"Er Klagt, Daß Der Frühling So Kortz Blüht (""Jugendlieder"") = He Laments That Spring Blooms So Briefly (""Songs Of Youth)",,60
MOON GOLD,170,Le Poème De L'Extase (Symphony No. 4) Op. 54,,
MOON GOLD,171,4 Orchestral Pieces Sz 51 (Op. 12),,
MOON GOLD,172,3 Village Scenes Sz 79,,693
MOON GOLD,173,Suite No. 1 For Chamber Orchestra,,258
MOON GOLD,174,Suite No. 2 For Chamber Orchestra,,
KOOL SPICE,1,モノクロームラバーズ,,
KOOL SPICE,2,恋のスパイに気をつけろ!,,
KOOL SPICE,3,公園〜黄昏のワルツ〜,,
KOOL SPICE,4,Sha-La-La-Lla,,
KOOL SPICE,5,Toy Doll,,
KOOL SPICE,6,Naked Shuffle,,
KOOL SPICE,7,開かない扉の前で,,
Can Not Behaved!!,1,Hey Lady,,
Can Not Behaved!!,2,雨あがり,,
Can Not Behaved!!,3,昨日の歌,,
Can Not Behaved!!,4,Big Up,,
Can Not Behaved!!,5,つづくもの,,
Can Not Behaved!!,6,Home,,
Can Not Behaved!!,7,1106,,
Are You Coming?,1,ここから,,
Are You Coming?,2,夏の面影,,
Are You Coming?,3,いつもの流れ,,
Are You Coming?,4,Japanese Pride,,
Are You Coming?,5,Slow,,
Are You Coming?,6,Trace,,
Are You Coming?,7,1Chance,,
Are You Coming?,8,リベンジ,,
Are You Coming?,9,いいから,,
Are You Coming?,10,Hey Yo…,,
Are You Coming?,11,エル,,
Are You Coming?,12,Thanx,,
Are You Coming?,13,また逢える日まで,,
Songs for Young Lovers,1,My Funny Valentine,A,
Songs for Young Lovers,2,The Girl Next Door,A,
Songs for Young Lovers,3,A Foggy Day,A,
Songs for Young Lovers,4,Like Someone In Love,A,
Songs for Young Lovers,5,I Get A Kick Out Of You,B,
Songs for Young Lovers,6,Little Girl Blue,B,
Songs for Young Lovers,7,They Can't Take That Away From Me,B,
Songs for Young Lovers,8,Violets For Your Furs,B,
Rhythm In My Nursery Rhymes,1,Shout And Feel It,A,
Rhythm In My Nursery Rhymes,2,The Count Steps In,A,
Rhythm In My Nursery Rhymes,3,I'll Always Be In Love With You,A,
Rhythm In My Nursery Rhymes,4,When My Dreamboat Comes Home,A,
Rhythm In My Nursery Rhymes,5,Bugle Blues,A,
Rhythm In My Nursery Rhymes,6,I Got Rhythm,A,
Rhythm In My Nursery Rhymes,7,One O'Clock Jump,B,
Rhythm In My Nursery Rhymes,8,A Study In Brown,B,
Rhythm In My Nursery Rhymes,9,I Got Rhythm In My Nursery Rhymes,B,
Rhythm In My Nursery Rhymes,10,John's Idea,B,
Rhythm In My Nursery Rhymes,11,Good Morning Blues,B,
Rhythm In My Nursery Rhymes,12,Dinah,B,
Count Basie,1,Swingin' At Newport,A,
Count Basie,2,Polka Dots And Moonbeams,A,
Count Basie,3,Lester Leaps In,A,
Count Basie,4,Sent For You Yesterday (And Here You Come Today),B,
Count Basie,5,Boogie Woogie (I May Be Wrong),B,
Count Basie,6,Evenin',B,
Count Basie,7,One O'Clock Jump,B,
The George Benson Cookbook,1,The Cooker,A,258
The George Benson Cookbook,2,Benny's Back,A,250
The George Benson Cookbook,3,Bossa Rocka,A,260
The George Benson Cookbook,4,All Of Me,A,128
The George Benson Cookbook,5,Big Fat Lady,A,280
The George Benson Cookbook,6,Benson's Rider,B,330
The George Benson Cookbook,7,Ready And Able,B,212
The George Benson Cookbook,8,The Borgia Stick,B,185
The George Benson Cookbook,9,Return Of The Prodigal Son,B,154
The George Benson Cookbook,10,Jumpin' With Symphony Sid,B,393
It's Uptown,1,Clockwise,A,265
It's Uptown,2,Summertime,A,142
It's Uptown,3,Ain't That Peculiar,A,174
It's Uptown,4,Jaguar,A,164
It's Uptown,5,Willow Weep For Me,A,457
It's Uptown,6,A Foggy Day,A,151
It's Uptown,7,Hello Birdie,B,238
It's Uptown,8,Bullfight,B,226
It's Uptown,9,Stormy Weather,B,175
It's Uptown,10,Eternally,B,242
It's Uptown,11,Myna Bird Blues,B,275
The Shape of Things to Come,1,Footin' It,A,255
The Shape of Things to Come,2,"Face It Boy, It's Over",A,240
The Shape of Things to Come,3,Shape Of Things To Come,A,340
The Shape of Things to Come,4,Chattanooga Choo Choo,A,210
The Shape of Things to Come,5,Don't Let Me Lose This Dream,B,280
The Shape of Things to Come,6,Shape Of Things That Are And Were,B,345
The Shape of Things to Come,7,Last Train To Clarksville,B,330
Spanish Harlem,1,Amor,A,185
Spanish Harlem,2,Sway,A,137
Spanish Harlem,3,Come Closer To Me,A,154
Spanish Harlem,4,Perfidia,A,132
Spanish Harlem,5,Granada,A,145
Spanish Harlem,6,Sweet And Gentle,A,144
Spanish Harlem,7,"Quizas, Quizas, Quizas (Perhaps, Perhaps, Perhaps)",B,134
Spanish Harlem,8,Frenesi,B,189
Spanish Harlem,9,Souvenir Of Mexico,B,140
Spanish Harlem,10,Besame Mucho,B,178
Spanish Harlem,11,"Love Me, Love Me",B,155
Spanish Harlem,12,Spanish Harlem,B,174
Joy Ride,1,Joy Ride,,170
Joy Ride,2,American Bandstand,,136
Joy Ride,3,Age Group Rocker,,202
Joy Ride,4,Callin' Out,,124
Joy Ride,5,Daredevil Baby,,140
Joy Ride,6,In A Cloud,,260
Joy Ride,7,Girl Off The Street,,167
Joy Ride,8,I Want To Marry Patti Smith,,81
Joy Ride,9,Love's Gone Bad,,143
Joy Ride,10,My Little F4,,156
Joy Ride,11,Untrue,,186
Joy Ride,12,Workin' The Line,,206
Joy Ride,13,"Baby, Baby, Baby",,214
Songs For Vonnegut EP,1,"Hey, Hey Tiger!",,158
Songs For Vonnegut EP,2,Song For Vonnegut,,236
Songs For Vonnegut EP,3,A World Drained Of Wonder,,202
Songs For Vonnegut EP,4,It Is As If I Am A.I.,,246
The College Dropout,1,We Don't Care,A,
The College Dropout,2,Graduation Day,A,
The College Dropout,3,All Falls Down,A,
The College Dropout,4,Spaceship,A,
The College Dropout,5,Jesus Walks,A,
The College Dropout,6,Never Let Me Down,B,
The College Dropout,7,Get Em High,B,
The College Dropout,8,The New Workout Plan,B,
The College Dropout,9,Through The Wire,B,
The College Dropout,10,Slow Jamz,C,
The College Dropout,11,Breathe In Breathe Out,C,
The College Dropout,12,School Spirit,C,
The College Dropout,13,Two Words,C,
The College Dropout,14,Family Business,D,
The College Dropout,15,Last Call,D,
Illmatic,1,The Genesis,A,105
Illmatic,2,N.Y. State Of Mind,A,292
Illmatic,3,Life's A Bitch,A,209
Illmatic,4,The World Is Yours,A,290
Illmatic,5,Halftime,A,261
Illmatic,6,Memory Lane (Sittin' In Da Park),B,246
Illmatic,7,One Love,B,324
Illmatic,8,One Time 4 Your Mind,B,197
Illmatic,9,Represent,B,253
Illmatic,10,It Ain't Hard To Tell,B,202
I Am...,1,N.Y. State Of Mind II,A,
I Am...,2,Hate Me Now,A,
I Am...,3,Small World,A,
I Am...,4,Favor For A Favor,A,
I Am...,5,We Will Survive,B,
I Am...,6,Ghetto Prisoners,B,
I Am...,7,You Won't See Me Tonight,B,
I Am...,8,I Want To Talk To You,B,
I Am...,9,Natures Shine,C,
I Am...,10,Dr. Knockboot,C,
I Am...,11,Life Is What You Make It,C,
I Am...,12,Big Things,C,
I Am...,13,Nas Is Like,D,
I Am...,14,K-I-SS-I-N-G,D,
I Am...,15,Money Is My Bitch,D,
I Am...,16,Undying Love,D,
Nastradamus,1,The Prediction,A,79
Nastradamus,2,Life We Chose,A,248
Nastradamus,3,Nastradamus,A,251
Nastradamus,4,Some Of Us Have Angels,A,255
Nastradamus,5,Project Windows,B,295
Nastradamus,6,Come Get Me,B,331
Nastradamus,7,Shoot 'Em Up,B,173
Nastradamus,8,Last Words,B,331
Nastradamus,9,Family,C,316
Nastradamus,10,God Love Us,C,277
Nastradamus,11,Quiet Niggas,C,297
Nastradamus,12,Big Girl,D,259
Nastradamus,13,New World,D,240
Nastradamus,14,You Owe Me,D,287
Nastradamus,15,The Outcome,D,114
Blue Slide Park,1,English Lane,,97
Blue Slide Park,2,Blue Slide Park,,149
Blue Slide Park,3,Party On Fifth Ave.,,173
Blue Slide Park,4,PA Nights,,184
Blue Slide Park,5,Frick Park Market,,197
Blue Slide Park,6,Smile Back,,162
Blue Slide Park,7,Under The Weather,,260
Blue Slide Park,8,Of The Soul,,213
Blue Slide Park,9,My Team,,145
Blue Slide Park,10,Up All Night,,209
Blue Slide Park,11,Loitering,,191
Blue Slide Park,12,Hole In My Pocket,,35
Blue Slide Park,13,Diamonds & Gold,,197
Blue Slide Park,14,Missed Calls,,178
Blue Slide Park,15,Man In The Hat,,196
Blue Slide Park,16,One Last Thing,,178
Watching Movies with the Sound Off,1,The Star Room,,275
Watching Movies with the Sound Off,2,Avian,,196
Watching Movies with the Sound Off,3, I'm Not Real,,203
Watching Movies with the Sound Off,4,S.D.S.,,184
Watching Movies with the Sound Off,5,Bird Call,,128
Watching Movies with the Sound Off,6,Matches,,178
Watching Movies with the Sound Off,7,I Am Who Am (Killin' Time),,301
Watching Movies with the Sound Off,8,Objects In The Mirror,,259
Watching Movies with the Sound Off,9,Red Dot Music,,367
Watching Movies with the Sound Off,10,Gees,,175
Watching Movies with the Sound Off,11,Watching Movies,,220
Watching Movies with the Sound Off,12,Suplexes Inside Of Complexes And Duplexes,,167
Watching Movies with the Sound Off,13,REMember,,268
Watching Movies with the Sound Off,14,Someone Like You,,256
Watching Movies with the Sound Off,15,Aquarium,,278
Watching Movies with the Sound Off,16,Youforia,,241
Watching Movies with the Sound Off,17,Goosebumpz,,202
Watching Movies with the Sound Off,18,O.K.,,160
Watching Movies with the Sound Off,19,Claymation,,232
Man On the Moon: The End of Day,1,In My Dreams (Cudder Anthem),,199
Man On the Moon: The End of Day,2,Soundtrack 2 My Life,,235
Man On the Moon: The End of Day,3,Simple As...,,151
Man On the Moon: The End of Day,4,Mr. Solo Dolo (Nightmare),,266
Man On the Moon: The End of Day,5,Heart Of A Lion (Kid Cudi Theme Music),,261
Man On the Moon: The End of Day,6,My World,,243
Man On the Moon: The End of Day,7,Day 'n' Nite (Nightmare),,221
Man On the Moon: The End of Day,8,Sky Might Fall,,221
Man On the Moon: The End of Day,9,Enter Galactic (Love Connection Part I),,260
Man On the Moon: The End of Day,10,Alive (Nightmare),,246
Man On the Moon: The End of Day,11,CuDi Zone,,259
Man On the Moon: The End of Day,12,Make Her Say,,216
Man On the Moon: The End of Day,13,Pursuit Of Happiness (Nightmare),,295
Man On the Moon: The End of Day,14,Hyyerr,,212
Man On the Moon: The End of Day,15,Up Up & Away (The Wake & Bake Song),,227
Indicud,1,The Resurrection Of Scott Mescudi,,160
Indicud,2,Unfuckwittable,,275
Indicud,3,Just What I Am,,228
Indicud,4,Young Lady,,264
Indicud,5,King Wizard,,256
Indicud,6,Immortal,,301
Indicud,7,"Solo Dolo, Pt. II",,214
Indicud,8,Girls,,267
Indicud,9,New York City Rage Fest,,113
Indicud,10,Red Eye,,234
Indicud,11,Mad Solar,,248
Indicud,12,Beez,,193
Indicud,13,Brothers,,281
Indicud,14,Burn Baby Burn,,178
Indicud,15,Lord Of The Sad And Lonely,,166
Indicud,16,Cold Blooded,,152
Indicud,17,Afterwards (Bring Yo Friends),,543
Indicud,18,The Flight Of The Moon Man,,171
Amerikkka's Most Wanted,1,Better Off Dead,A,60
Amerikkka's Most Wanted,2,The Nigga Ya Love To Hate,A,241
Amerikkka's Most Wanted,3,AmeriKKKa's Most Wanted,A,248
Amerikkka's Most Wanted,4,What They Hittin' Foe?,A,90
Amerikkka's Most Wanted,5,You Can't Fade Me,,287
Amerikkka's Most Wanted,6,JD's Gaffilin',,28
Amerikkka's Most Wanted,7,Once Upon A Time In The Projects,A,220
Amerikkka's Most Wanted,8,Turn Off The Radio,A,157
Amerikkka's Most Wanted,9,Endangered Species (Tales From The Darkside),A,204
Amerikkka's Most Wanted,10,A Gangsta's Fairytale,B,208
Amerikkka's Most Wanted,11,I'm Only Out For One Thang,B,133
Amerikkka's Most Wanted,12,Get Off My Dick And Tell Yo Bitch To Come Here,B,55
Amerikkka's Most Wanted,13,The Drive-By,B,56
Amerikkka's Most Wanted,14,Rollin' Wit The Lench Mob,B,228
Amerikkka's Most Wanted,15,Who's The Mack?,B,271
Amerikkka's Most Wanted,16,It's A Man's World,B,286
Amerikkka's Most Wanted,17,The Bomb,B,204
The Predator,1,The First Day Of School (Intro),A,
The Predator,2,When Will They Shoot?,A,
The Predator,3,I'm Scared (Insert),A,
The Predator,4,Wicked,A,
The Predator,5,Now I Gotta Wet 'Cha,A,
The Predator,6,The Predator,A,
The Predator,7,It Was A Good Day,A,
The Predator,8,We Had To Tear This Mothafucka Up,A,
The Predator,9,Fuck 'Em (Insert),B,
The Predator,10,Dirty Mack,B,
The Predator,11,Don't Trust 'Em,B,
The Predator,12,Gangsta's Fairytale 2,B,
The Predator,13,Check Yo Self,B,
The Predator,14,Who Got The Camera?,B,
The Predator,15,Integration (Insert),B,
The Predator,16,Say Hi To The Bad Guy,B,
Vol.2... Hard Knock Life,1,Intro - Hand It Down,A,
Vol.2... Hard Knock Life,2,Hard Knock Life (Ghetto Anthem),A,
Vol.2... Hard Knock Life,3,If I Should Die,A,
Vol.2... Hard Knock Life,4,Ride Or Die,A,
Vol.2... Hard Knock Life,5,"Nigga What, Nigga Who (Originator 99)",B,
Vol.2... Hard Knock Life,6,"Money, Cash, Hoes",B,
Vol.2... Hard Knock Life,7,A Week Ago,B,
Vol.2... Hard Knock Life,8,Coming Of Age (Da Sequel),C,
Vol.2... Hard Knock Life,9,Can I Get A...,C,
Vol.2... Hard Knock Life,10,Paper Chase,C,
Vol.2... Hard Knock Life,11,Reservoir Dogs,D,
Vol.2... Hard Knock Life,12,It's Like That,D,
Vol.2... Hard Knock Life,13,It's Alright,D,
Vol.2... Hard Knock Life,14,Money Ain't A Thang,D,
My Name Is My Name,1,King Push,,
My Name Is My Name,2,Numbers On The Boards,,
My Name Is My Name,3,Sweet Serenade,,
My Name Is My Name,4,Hold On,,
My Name Is My Name,5,Suicide,,
My Name Is My Name,6,40 Acres,,
My Name Is My Name,7,No Regrets,,
My Name Is My Name,8,Let Me Love You,,
My Name Is My Name,9,Who I Am,,
My Name Is My Name,10,Nosetalgia,,
My Name Is My Name,11,Pain,,
My Name Is My Name,12,S.N.I.T.C.H.,,
King Push – Darkest Before Dawn: The Prelude,1,Intro,,153
King Push – Darkest Before Dawn: The Prelude,2,Untouchable,,189
King Push – Darkest Before Dawn: The Prelude,3,M.F.T.R.,,247
King Push – Darkest Before Dawn: The Prelude,4,"Crutches, Crosses, Caskets",,144
King Push – Darkest Before Dawn: The Prelude,5,M.P.A.,,285
King Push – Darkest Before Dawn: The Prelude,6,Got Em Covered,,195
King Push – Darkest Before Dawn: The Prelude,7,Keep Dealing,,251
King Push – Darkest Before Dawn: The Prelude,8,Retribution,,198
King Push – Darkest Before Dawn: The Prelude,9,F.I.F.A.,,138
King Push – Darkest Before Dawn: The Prelude,10,Sunshine,,193
DAYTONA,1,If You Know You Know,,202
DAYTONA,2,The Games We Play,,166
DAYTONA,3,Hard Piano,,195
DAYTONA,4,Come Back Baby,,206
DAYTONA,5,Santeria,,176
DAYTONA,6,What Would Meek Do?,,153
DAYTONA,7,Infrared,,170
The Lex Diamond Story,1,The Lex Diamond Intro,,62
The Lex Diamond Story,2,Pit Bull Fights,,131
The Lex Diamond Story,3,Hitman Salary ( Skit ),,8
The Lex Diamond Story,4,King Of Kings,,229
The Lex Diamond Story,5,Missing Watch,,205
The Lex Diamond Story,6,All Over Again,,213
The Lex Diamond Story,7,Clientele Kidd,,233
The Lex Diamond Story,8,Smith Bros.,,220
The Lex Diamond Story,9,Restaurant ( Skit ),,128
The Lex Diamond Story,10,Robbery,,229
The Lex Diamond Story,11,Fuck You ( Skit ),,25
The Lex Diamond Story,12,Pa-Blow Escablow,,189
The Lex Diamond Story,13,Musketeers Of Pig Alley,,186
The Lex Diamond Story,14,Ice Cream Pt. 2,,224
The Lex Diamond Story,15,The Hood,,226
The Lex Diamond Story,16,Wild Chimpanzees ( Skit ),,119
The Lex Diamond Story,17,Planet Of The Apes,,268
The Lex Diamond Story,18,Wyld In Da Club,,244
The Lex Diamond Story,19,Once Upon A Time,,304
The Lex Diamond Story,20,Lex Diamond Story Outro,,78
PJ's…From Afar,1,PJs (Remix),A,
PJ's…From Afar,2,A Little Sloppy (Bonus Beat),A,
PJ's…From Afar,3,PJs (Instr. Remix),B,
PJ's…From Afar,4,Phil My Don,B,
PJ's…From Afar,5,This One's For My Baby,B,
"Only Built 4 Cuban Linx, Pt. 2",1,Return Of The North Star,,159
"Only Built 4 Cuban Linx, Pt. 2",2,House Of Flying Daggers,,232
"Only Built 4 Cuban Linx, Pt. 2",3,Sonny’s Missing,,148
"Only Built 4 Cuban Linx, Pt. 2",4,Pyrex Vision,,54
"Only Built 4 Cuban Linx, Pt. 2",5,Cold Outside,,282
"Only Built 4 Cuban Linx, Pt. 2",6,Black Mozart,,205
"Only Built 4 Cuban Linx, Pt. 2",7,Gihad,,177
"Only Built 4 Cuban Linx, Pt. 2",8,New Wu,,230
"Only Built 4 Cuban Linx, Pt. 2",9,Penitentiary,,161
"Only Built 4 Cuban Linx, Pt. 2",10,Baggin’ Crack,,119
"Only Built 4 Cuban Linx, Pt. 2",11,Surgical Gloves,,206
"Only Built 4 Cuban Linx, Pt. 2",12,Broken Safety,,166
"Only Built 4 Cuban Linx, Pt. 2",13,Canal Street,,216
"Only Built 4 Cuban Linx, Pt. 2",14,Ason Jones,,187
"Only Built 4 Cuban Linx, Pt. 2",15,Have Mercy,,232
"Only Built 4 Cuban Linx, Pt. 2",16,10 Bricks,,197
"Only Built 4 Cuban Linx, Pt. 2",17,Fat Lady Sings,,137
"Only Built 4 Cuban Linx, Pt. 2",18,Catalina,,208
"Only Built 4 Cuban Linx, Pt. 2",19,We Will Rob You,,195
"Only Built 4 Cuban Linx, Pt. 2",20,About Me,,169
"Only Built 4 Cuban Linx, Pt. 2",21,Mean Streets,,269
"Only Built 4 Cuban Linx, Pt. 2",22,Kiss The Ring,,245
Rza Presents: Bobby Digital and the Pit of Snakes,1,Under The Sun,A,259
Rza Presents: Bobby Digital and the Pit of Snakes,2,Trouble Shooting,A,179
Rza Presents: Bobby Digital and the Pit of Snakes,3,Something Going On,A,269
Rza Presents: Bobby Digital and the Pit of Snakes,4,We Push,A,240
Rza Presents: Bobby Digital and the Pit of Snakes,5,Cowards,B,236
Rza Presents: Bobby Digital and the Pit of Snakes,6,Fight To Win,B,256
Rza Presents: Bobby Digital and the Pit of Snakes,7,Celebrate Life,B,237
Rza Presents: Bobby Digital and the Pit of Snakes,8,Live Your Own Rhythm (Outro),B,99
New Blue Sun,1,"I Swear, I Really Wanted To Make A ""Rap"" Album But This Is Literally The Way The Wind Blew Me This Time",,740
New Blue Sun,2,The Slang Word P(*)ssy Rolls Off The Tongue With Far Better Ease Than The Proper Word Vagina . Do You Agree?,,830
New Blue Sun,3,That Night In Hawaii When I Turned Into A Panther And Started Making These Low Register Purring Tones That I Couldn't Control ... Sh¥t Was Wild,,629
New Blue Sun,4,BuyPoloDisorder's Daughter Wears A 3000® Shirt Embroidered,,785
New Blue Sun,5,Ninety Three 'Til Infinity And Beyoncé,,229
New Blue Sun,6,"Ghandi, Dalai Lama, Your Lord & Savior J.C. / Bundy, Jeffrey Dahmer, And John Wayne Gacy",,615
New Blue Sun,7,"Ants To You, Gods To Who ?",,402
New Blue Sun,8,Dreams Once Buried Beneath The Dungeon Floor Slowly Sprout Into Undying Gardens,,1031
Moving Day,1,Moving Day,,699
Moving Day,2,Day Moving,,699
Moving Day,3,Tunnels Of Egypt (Previously Unreleased New Blue Sun Track),,499
7 piano sketches,1,Bluffing In The Snow,,178
7 piano sketches,2,And Then One Day You'll ...,,148
7 piano sketches,3,"When You're A Ant And You Wake Up In An Awesome Mood, About To Drive Your Son To School, Only To Discover That You Left The Lights On In The Car Last Night So Your Battery Is Drained",,54
7 piano sketches,4,Hotel Lobby Pianos,,157
7 piano sketches,5,Blueberry Mansions,,117
7 piano sketches,6,Off Rhythm Laughter,,211
7 piano sketches,7,I Spend All Day Waiting For The Night,,113
Metaphorical Music,1,Blessing It (Remix),,203
Metaphorical Music,2,Horn In The Middle,,248
Metaphorical Music,3,Lady Brown,,198
Metaphorical Music,4,Kumomi,,233
Metaphorical Music,5,Highs 2 Lows,,278
Metaphorical Music,6,Beat Laments The World,,262
Metaphorical Music,7,Letter From Yokosuka,,190
Metaphorical Music,8,Think Different,,197
Metaphorical Music,9,A Day By Atmosphere Supreme,,239
Metaphorical Music,10,Next View,,275
Metaphorical Music,11,Latitude (Remix),,236
Metaphorical Music,12,F.I.L.O.,,211
Metaphorical Music,13,Summer Gypsy,,259
Metaphorical Music,14,The Final View,,215
Metaphorical Music,15,Peaceland,,499
Samurai Champloo Music Record Departure,1,Battlecry,,202
Samurai Champloo Music Record Departure,2,The Space Between Two World,,281
Samurai Champloo Music Record Departure,3,Aruarian Dance,,250
Samurai Champloo Music Record Departure,4,Kujaku,,421
Samurai Champloo Music Record Departure,5,Mystline,,290
Samurai Champloo Music Record Departure,6,1st. Samurai,,193
Samurai Champloo Music Record Departure,7,Ole,,207
Samurai Champloo Music Record Departure,8,624 Part2,,225
Samurai Champloo Music Record Departure,9,Genome,,216
Samurai Champloo Music Record Departure,10,No Way Back,,200
Samurai Champloo Music Record Departure,11,Funkin,,217
Samurai Champloo Music Record Departure,12,Stay,,224
Samurai Champloo Music Record Departure,13,Chambers,,225
Samurai Champloo Music Record Departure,14,Ask,,202
Samurai Champloo Music Record Departure,15,How You Feel,,269
Samurai Champloo Music Record Departure,16,624 Part1,,163
Samurai Champloo Music Record Departure,17,四季ノ唄,,300
Bullet,1,Intro 	  	,,104
Bullet,2,18 Wit A Bullet 	 ,,277
Bullet,3,What U Hustle Fo,,262
Bullet,4,Come Fu*k Wit Us 	 ,,265
Bullet,5,Mission 4 Cheese 	,,256
Bullet,6,Keep The Luv There ,,222
Bullet,7,Forever Thug Life,,255
Bullet,8,Sun Down To Sunrise 	 ,,284
Bullet,9,Gangstered Out 	,,238
Bullet,10,High Risk 	 ,,229
Bullet,11,What Would You Do? 	,,254
Bullet,12,Comin' Thru 	,,251
Bullet,13,Doin' Thangs 	,,250
Bullet,14,Mi Gente 	,,211
Bullet,15,Bay Ridin' 	,,229
Bullet,16,Think About 	,,256
Bullet,17,Dirty Money 	,,304
Bullet,18,Killer Sharks,,279
Slime Season,1,With Them,,197
Slime Season,2,Memo,,195
Slime Season,3,Drippin',,186
Slime Season,4,Slime Shit,,278
Slime Season,5,Digits,,176
Slime Season,6,Worth It,,186
Slime Season,7,Tattoos,,241
Slime Season,8,Problem,,241
Slime Season 2,1,With Them,,197
Slime Season 2,2,Memo,,195
Slime Season 2,3,Drippin',,186
Slime Season 2,4,Slime Shit,,278
Slime Season 2,5,Digits,,176
Slime Season 2,6,Worth It,,186
Slime Season 2,7,Tattoos,,241
Slime Season 2,8,Problem,,241
What a Time To Be Alive,1,Digital Dash,,231
What a Time To Be Alive,2,Big Rings,,217
What a Time To Be Alive,3,Live From The Gutter,,211
What a Time To Be Alive,4,Diamonds Dancing,,314
What a Time To Be Alive,5,Scholarships,,209
What a Time To Be Alive,6,Plastic Bag,,202
What a Time To Be Alive,7,I'm The Plug,,180
What a Time To Be Alive,8,Change Locations,,220
What a Time To Be Alive,9,Jumpman,,205
What a Time To Be Alive,10,Jersey,,188
What a Time To Be Alive,11,30 For 30 Freestyle,,253
EVOL,1,Ain't No Time,,202
EVOL,2,In Her Mouth,,192
EVOL,3,Maybach,,220
EVOL,4,Xanny Family,,185
EVOL,5,Lil Haiti Baby,,277
EVOL,6,Photo Copied,,172
EVOL,7,Seven Rings,,205
EVOL,8,Lie To Me,,212
EVOL,9,Program,,176
EVOL,10,Low Life,,313
EVOL,11,Fly Shit Only,,212
EVOL,12,Wicked,,173
Port of Miami,1,Intro,,23
Port of Miami,2,Push It,,208
Port of Miami,3,Blow,,250
Port of Miami,4,Hustlin',,254
Port of Miami,5,Cross That Line,,273
Port of Miami,6,I'm Bad,,233
Port of Miami,7,Boss,,280
Port of Miami,8,For Da Low,,260
Port of Miami,9,Where My Money (I Need That),,272
Port of Miami,10,Get Away,,246
Port of Miami,11,Hit U From The Back,,305
Port of Miami,12,White House,,241
Port of Miami,13,Pots And Pans,,275
Port of Miami,14,It's My Time,,255
Port of Miami,15,Street Life,,247
Port of Miami,16,Hustlin' (Remix),,284
Port of Miami,17,It Ain't A Problem,,227
Port of Miami,18,I'm A G,,254
Port of Miami,19,Prayer,,248
"God Forgives, I Don't",1,Pray For Us,,59
"God Forgives, I Don't",2,Pirates,,203
"God Forgives, I Don't",3,3 Kings,,261
"God Forgives, I Don't",4,Ashamed,,256
"God Forgives, I Don't",5,Maybach Music IV,,314
"God Forgives, I Don't",6,Sixteen,,495
"God Forgives, I Don't",7,Amsterdam,,224
"God Forgives, I Don't",8,Hold Me Back,,267
"God Forgives, I Don't",9,911,,328
"God Forgives, I Don't",10,So Sophisticated,,247
"God Forgives, I Don't",11,Presidential,,249
"God Forgives, I Don't",12,Ice Cold,,229
"God Forgives, I Don't",13,Touch 'N You,,252
"God Forgives, I Don't",14,Diced Pineapples,,276
"God Forgives, I Don't",15,Ten Jesus Pieces,,411
Hood Billionaire,1,Intro,,127
Hood Billionaire,2,Hood Billionaire,,237
Hood Billionaire,3,Coke Like The 80s,,288
Hood Billionaire,4,Heavyweight,,246
Hood Billionaire,5,Neighborhood Drug Dealer,,233
Hood Billionaire,6,Phone Tap,,278
Hood Billionaire,7,Trap Luv,,250
Hood Billionaire,8,Elvis Presley Blvd.,,362
Hood Billionaire,9,Movin' Bass,,263
Hood Billionaire,10,If They Knew,,274
Hood Billionaire,11,Quintessential,,193
Hood Billionaire,12,Keep Doin' That (Rich Bitch),,253
Hood Billionaire,13,Nickel Rock,,287
Hood Billionaire,14,Burn,,315
Hood Billionaire,15,Family Ties,,222
Hood Billionaire,16,Brimstone,,356
Street Gossip,1,Global,,169
Street Gossip,2,Pure Cocaine,,154
Street Gossip,3,Crush A Lot,,159
Street Gossip,4,Time,,182
Street Gossip,5,Ready,,213
Street Gossip,6,Word On The Street,,172
Street Gossip,7,This Week,,196
Street Gossip,8,Anyway,,226
Street Gossip,9,No Friends,,192
Street Gossip,10,Realist In It,,222
Street Gossip,11,Section 8,,206
Street Gossip,12,Chastised,,123
Street Gossip,13,Dreams 2 Reality ,,275
Drip Harder,1,Off White Vlone,,187
Drip Harder,2,Business Is Business,,162
Drip Harder,3,Belly,,191
Drip Harder,4,Deep End,,174
Drip Harder,5,World Is Yours,,157
Drip Harder,6,Underdog,,211
Drip Harder,7,I Am,,145
Drip Harder,8,Seals Pills,,176
Drip Harder,9,My Jeans,,196
Drip Harder,10,Style Stealer,,185
Drip Harder,11,Close Friends,,203
Drip Harder,12,Drip Too Hard,,145
Drip Harder,13,Never Recover,,194
Harder Than Ever,1,Intro,,93
Harder Than Ever,2,Spazz,,108
Harder Than Ever,3,I'm Straight,,192
Harder Than Ever,4,Exotic,,162
Harder Than Ever,5,Yes Indeed,,142
Harder Than Ever,6,Leaked,,192
Harder Than Ever,7,Bank,,186
Harder Than Ever,8,Cash,,198
Harder Than Ever,9,Southside,,173
Harder Than Ever,10,Throwing Shade,,192
Harder Than Ever,11,First Class,,201
Harder Than Ever,12,Right Now,,205
Harder Than Ever,13,Life Goes On,,247
Harder Than Ever,14,Transporter,,213
Harder Than Ever,15,Fit In,,213
Harder Than Ever,16,Boss Bitch,,164
Harder Than Ever,17,Never Needed No Help,,195
Kiss Land,1,Professional,,368
Kiss Land,2,The Town,,307
Kiss Land,3,Adaptation,,283
Kiss Land,4,Love In The Sky,,267
Kiss Land,5,Belong To The World,,307
Kiss Land,6,Live For,,224
Kiss Land,7,Wanderlust,,306
Kiss Land,8,Kiss Land,,455
Kiss Land,9,Pretty,,375
Kiss Land,10,Tears In The Rain,,446
Kiss Land,11,Wanderlust (Pharrell Remix),,307
Kiss Land,12,Odd Look,,252
Beauty Behind the Madness,1,Real Life,,223
Beauty Behind the Madness,2,Losers,,281
Beauty Behind the Madness,3,Tell Your Friends,,334
Beauty Behind the Madness,4,Often,,249
Beauty Behind the Madness,5,The Hills,,242
Beauty Behind the Madness,6,Acquainted,,348
Beauty Behind the Madness,7,Can't Feel My Face,,213
Beauty Behind the Madness,8,Shameless,,253
Beauty Behind the Madness,9,Earned It (Fifty Shades Of Grey),,277
Beauty Behind the Madness,10,In The Night,,235
Beauty Behind the Madness,11,As You Are,,340
Beauty Behind the Madness,12,Dark Times,,260
Beauty Behind the Madness,13,Prisoner,,274
Beauty Behind the Madness,14,Angel,,377
Son Of Spergy,1,Rain Down ,,187
Son Of Spergy,2,Have A Baby ( With Me) ,,225
Son Of Spergy,3,Call On Me ,,169
Son Of Spergy,4,Baby Blue ,,357
Son Of Spergy,5,Root of all Evil ,,265
Son Of Spergy,6,Who Knows ,,226
Son Of Spergy,7,Moon,,317
Son Of Spergy,8,Touching God ,,281
Son Of Spergy,9,Sign Of the Times ,,231
Son Of Spergy,10,Emily`s Song ,,174
Son Of Spergy,11,No More Loving (On Women I Don`t  Love),,198
Son Of Spergy,12,Sins Of The Father ,,470
Get Lifted,1,Prelude,,44
Get Lifted,2,Let's Get Lifted,,217
Get Lifted,3,Used To Love U,,210
Get Lifted,4,Alright,,200
Get Lifted,5,She Don't Have To Know,,292
Get Lifted,6,Number One,,198
Get Lifted,7,I Can Change,,299
Get Lifted,8,Ordinary People,,281
Get Lifted,9,Stay With You,,228
Get Lifted,10,Let's Get Lifted Again,,137
Get Lifted,11,So High,,307
Get Lifted,12,Refuge (When It's Cold Outside),,253
Get Lifted,13,It Don't Have To Change,,203
Get Lifted,14,Live It Up,,275
Once Again,1,Save Room,,236
Once Again,2,Heaven,,215
Once Again,3,Stereo,,252
Once Again,4,Show Me,,301
Once Again,5,Each Day Gets Better,,229
Once Again,6,P.D.A. (We Just Don't Care),,280
Once Again,7,Slow Dance,,283
Once Again,8,Again,,304
Once Again,9,Maxine,,270
Once Again,10,Where Did My Baby Go,,307
Once Again,11,Maxine's Interlude,,112
Once Again,12,Another Again,,243
Once Again,13,Coming Home,,304
Evolver,1,Good Morning Intro,,46
Evolver,2,Green Light,,284
Evolver,3,It's Over,,267
Evolver,4,Everybody Knows,,275
Evolver,5,Quickly,,222
Evolver,6,Cross The Line,,202
Evolver,7,No Other Love,,239
Evolver,8,This Time,,263
Evolver,9,Satisfaction,,285
Evolver,10,Take Me Away,,183
Evolver,11,Good Morning,,241
Evolver,12,"I Love, You Love",,275
Evolver,13,If You're Out There,,260
The Soul Sessions,1,The Chokin' Kind,,215
The Soul Sessions,2,Super Duper Love (Are You Diggin' On Me?) Pt. 1,,260
The Soul Sessions,3,Fell In Love With A Boy,,218
The Soul Sessions,4,Victim Of A Foolish Heart,,331
The Soul Sessions,5,Dirty Man,,179
The Soul Sessions,6,Some Kind Of Wonderful,,236
The Soul Sessions,7,I've Fallen In Love With You,,269
The Soul Sessions,8,I Had A Dream,,181
The Soul Sessions,9,All The King's Horses,,183
The Soul Sessions,10,For The Love Of You (Pts. 1 & 2),,453
"Mind, Body & Soul",1,Right To Be Wrong,,280
"Mind, Body & Soul",2,Jet Lag,,241
"Mind, Body & Soul",3,You Had Me,,239
"Mind, Body & Soul",4,Spoiled,,243
"Mind, Body & Soul",5,Don't Cha Wanna Ride,,211
"Mind, Body & Soul",6,Less Is More,,257
"Mind, Body & Soul",7,Security,,270
"Mind, Body & Soul",8,Young At Heart,,260
"Mind, Body & Soul",9,Snakes And Ladders,,215
"Mind, Body & Soul",10,Understand,,226
"Mind, Body & Soul",11,Don't Know How,,241
"Mind, Body & Soul",12,Torn And Tattered,,238
"Mind, Body & Soul",13,Killing Time,,320
"Mind, Body & Soul",14,Sleep Like A Child,,319
"Mind, Body & Soul",15,(silence),,608
"Mind, Body & Soul",16,Daniel,,166
La Única - Single (Sprite Limelight),1,La Única (Sprite Limelight),,149
Apolonio,1,I'm Amazing,,143
Apolonio,2,Kamikaze,,211
Apolonio,3,Want U Around,,248
Apolonio,4,Stayback,,160
Apolonio,5,Hey Boy,,102
Apolonio,6,Dos Uno Nueve (219),,187
Apolonio,7,Useless,,184
Apolonio,8,Bi Fren,,172
Apolonio,9,The Two of Us,,152
God Said No,1,Be Careful With Me,A,
God Said No,2,Spite,A,
God Said No,3,Less of You,A,
God Said No,4,Done With You,A,
God Said No,5,Plane Trees,A,
God Said No,6,Drifting,A,
God Said No,7,Empty,A,
God Said No,8,Life's Unfair,B,
God Said No,9,Against Me,B,
God Said No,10,While U Can,B,
God Said No,11,Dispose of Me,B,
God Said No,12,How,B,
God Said No,13,Pedro,B,
God Said No,14,Glow,B,
Trouble,1,Locked Up,,236
Trouble,2,Trouble Nodoby,,203
Trouble,3,Bananza (Belly Dancer),,240
Trouble,4,Gangsta,,255
Trouble,5,Ghetto,,235
Trouble,6,Pot Of Gold,,216
Trouble,7,Show Out,,205
Trouble,8,Lonely,,237
Trouble,9,When The Time's Right,,224
Trouble,10,Journey,,258
Trouble,11,Don't Let Up,,240
Trouble,12,Easy Road,,242
Trouble,13,Locked Up (Remix),,230
Konvicted,1,Shake Down,,232
Konvicted,2,Blown Away,,209
Konvicted,3,Smack That,,212
Konvicted,4,I Wanna Love You,,247
Konvicted,5,The Rain,,207
Konvicted,6,Never Took The Time,,237
Konvicted,7,Mama Africa,,265
Konvicted,8,I Can't Wait,,226
Konvicted,9,Gangsta Bop,,246
Konvicted,10,Tired Of Runnin',,273
Konvicted,11,Once In A While,,237
Konvicted,12,Don't Matter,,292
İste,1,İsyankar,,230
İste,2,Kavrulduk,,236
İste,3,Gel Aşkım,,233
İste,4,Fıkra,,271
İste,5,All My Life (Remix),,214
İste,6,İsyankar (Oryantal Remix),,222
İste,7,Gel Aşkım (Remix),,241
İste,8,Story,,224
İste,9,All My Life,,223
İste,10,Özetle (Enstrümantal),,278
"i,i",1,Yi,,31
"i,i",2,iMi,,196
"i,i",3,We,,142
"i,i",4,"Holyfields,",,187
"i,i",5,"Hey, Ma",,216
"i,i",6,U (Man Like),,145
"i,i",7,Naeem,,262
"i,i",8,Jelmore,,150
"i,i",9,Faith,,217
"i,i",10,Marion,,141
"i,i",11,Salem,,224
"i,i",12,Sh'Diah,,251
"i,i",13,RABi,,212
Late Night Tales: BadBadNotGood (Mixed),1,An Ending A Beginning,,130
Late Night Tales: BadBadNotGood (Mixed),2,A Calf Born In Winter,,194
Late Night Tales: BadBadNotGood (Mixed),3,Get Thy Bearings (Exclusive Donovan Cover Version),,177
Late Night Tales: BadBadNotGood (Mixed),4,Didn't I,,198
Late Night Tales: BadBadNotGood (Mixed),5,Baltimore,,270
Late Night Tales: BadBadNotGood (Mixed),6,Flipside,,149
Late Night Tales: BadBadNotGood (Mixed),7,The Traitor,,148
Late Night Tales: BadBadNotGood (Mixed),8,Flowers,,354
Late Night Tales: BadBadNotGood (Mixed),9,Down The Line (It Takes A Number),,170
Late Night Tales: BadBadNotGood (Mixed),10,Places,,180
Late Night Tales: BadBadNotGood (Mixed),11,Gutter Glitter,,157
Late Night Tales: BadBadNotGood (Mixed),12,Wings (Floating Points Remix),,248
Late Night Tales: BadBadNotGood (Mixed),13,Hedron,,114
Late Night Tales: BadBadNotGood (Mixed),14,VIII. Juliette,,200
Late Night Tales: BadBadNotGood (Mixed),15,South Congress,,205
Late Night Tales: BadBadNotGood (Mixed),16,Sailing Out To Sea,,89
Late Night Tales: BadBadNotGood (Mixed),17,Essence Of Sapphire,,189
Late Night Tales: BadBadNotGood (Mixed),18,One Thing,,207
Late Night Tales: BadBadNotGood (Mixed),19,Gigantic,,199
Late Night Tales: BadBadNotGood (Mixed),20,Peace Piece,,396
Late Night Tales: BadBadNotGood (Mixed),21,Flat Of Angles Part 3 (Exclusive Spoken Word Piece),,392
III,1,Triangle,A,228
III,2,Can't Leave The Night,A,280
III,3,Confessions,B,301
III,4,Kaleidoscope,B,426
III,5,Eyes Closed,C,358
III,6,Hedron,C,341
III,7,"Differently, Still",C,283
III,8,Since You Asked Kindly,D,282
III,9,CS60,D,413
Sour Soul (Instrumentals),1,Mono,A,58
Sour Soul (Instrumentals),2,Sour Soul ,A,166
Sour Soul (Instrumentals),3,Six Degrees,A,221
Sour Soul (Instrumentals),4,Gunshowers ,A,183
Sour Soul (Instrumentals),5,Stark's Reality,A,132
Sour Soul (Instrumentals),6,Tone's Rap,B,179
Sour Soul (Instrumentals),7,Mind Playing Tricks,B,158
Sour Soul (Instrumentals),8,Street Knowledge,B,205
Sour Soul (Instrumentals),9,Ray Gun,B,187
Sour Soul (Instrumentals),10,Nuggets Of Wisdom,B,131
Sour Soul (Instrumentals),11,Food,B,204
Sour Soul (Instrumentals),12,Experience,B,157
THE BOOK,1,Epilogue,,50
THE BOOK,2,アンコール = Encore,,271
THE BOOK,3,ハルジオン= Halzion,,198
THE BOOK,4,あの夢をなぞって = Ano Yume wo Nazotte,,240
THE BOOK,5,たぶん = Tabun,,256
THE BOOK,6,群青 = Gunjo,,248
THE BOOK,7,ハルカ = Haruka,,243
THE BOOK,8,夜に駆ける = Yoru ni Kakeru,,258
THE BOOK,9,Prologue,,35
THE BOOK 2,1,ツバメ,,216
THE BOOK 2,2,三原色,,220
THE BOOK 2,3,大正浪漫,,166
THE BOOK 2,4,もう少しだけ,,218
THE BOOK 2,5,優しい彗星,,213
THE BOOK 2,6,怪物,,205
THE BOOK 2,7,もしも命が描けたら,,201
THE BOOK 2,8,ラブレター,,210
E-SIDE,1,Into The Night,,259
E-SIDE,2,Haven't,,256
E-SIDE,3,Monster,,205
E-SIDE,4,Comet,,213
E-SIDE,5,RGB,,219
E-SIDE,6,Encore,,270
E-SIDE,7,Blue,,246
E-SIDE,8,Tracing A Dream,,241
